id,ideia,categoria,descricao,paises,links,preco_observado,n_anunciantes,dias_anuncio_ativo_mais_antigo,variacoes_max,contagem_busca,saturacao_es_vs_pt,angulo_anuncio,sinais,eliminatoria_suspeita_fase1,fontes,eliminada,motivo_eliminacao,links_busca_adlibrary
L01,Mimo Gift Revenda (ferramenta/licença para criar e vender páginas de amor),Revenda de presente digital (página de amor),"O comprador recebe acesso a um editor de páginas de amor (fotos, mensagem, música, final interativo) e vende essas páginas a terceiros pelo WhatsApp e Instagram.",Nenhum anúncio de revenda visto nos 11 países ES nem no BR. B2C visto no BR (7 anunciantes) e no PE (sazonal).,https://www.facebook.com/ads/library/?id=936194465917663 | https://www.facebook.com/ads/library/?id=995698710027385 | https://www.facebook.com/ads/library/?id=800102429668832 | https://www.facebook.com/ads/library/?id=1323842319191326 | https://iloveyou.gift/ | https://qlovy.com/es/blog/regalo-digital-gratis,"Revenda: nenhuma oferta, sem referência de preço. B2C ES: iloveyou.gift 'desde $5'. Mimo: US$8–9.","0 (revenda, em 12 buscas ES e 6 BR). B2C BR: 7.","Revenda: não verificado. B2C BR: 457,1 (amoreetech); Seu Amor 338,5; qartinha 173,6; CoupleRewind 149,8.","10 (CoupleRewind, B2C BR)",'vende páginas personalizadas' ES11 = 4; 'regalos digitales vender' ES11 = 77 (ruído); BR 'revenda páginas personalizadas' = 1; BR 'vender páginas personalizadas' = 28,"Revenda inexistente nas duas línguas. B2C: longevo no BR, quase invisível na ES por palavra solta.",Teria de vender ganho ('gana vendiendo páginas'). O B2C vende emoção e reconquista.,"Nenhum vendedor de licença de revenda apareceu. O B2C é longevo no BR, mas com poucas variações por página (2–10). Daniela Michilena (USD) tem 14 anúncios há 46,2 d com 'El regalo que jamás olvidará', produto não identificado. A busca por palavra solta não prova que a oferta não existe.","E2 forte: sem revendedor visível, o anúncio teria de vender a promessa de ganho. E3 possível (suporte ao revendedor). E5 baixa (o Mimo existe; falta o painel multi-cliente).",fase1_hipoteses; fase1_meta_servicos,sim (E2),"Ninguém vende revenda de página de amor em ES nem no BR, e o cliente final já compra a página sozinho por US$5 (iloveyou.gift) ou US$8–9 (Mimo). A demo do produto vende o presente, não a licença, e o único gancho que sobra para o revendedor é 'gana vendiendo páginas'. E3 e E5 não pesam: o custo é de centavos por hospedagem e o painel multi-cliente sai em 14 dias.",https://www.facebook.com/ads/library/?active_status=active&ad_type=all&country=MX&q=vende%20p%C3%A1ginas%20personalizadas&search_type=keyword_unordered | https://www.facebook.com/ads/library/?active_status=active&ad_type=all&country=MX&q=regalos%20digitales%20vender&search_type=keyword_unordered | https://www.facebook.com/ads/library/?active_status=active&ad_type=all&country=BR&q=revenda%20p%C3%A1ginas%20personalizadas&search_type=keyword_unordered
L02,"Invitaciones web (kit de revenda: página com fotos, música, contagem, RSVP)",Kit de revenda / ferramenta (convite web interativo),"Editor que gera uma página de convite (fotos, música, contagem regressiva, mapa, RSVP) com modelos por evento, para o comprador vender convites a clientes finais pelo WhatsApp.","MX, PE, CL, CO, AR, US (USD); BR como espelho",https://www.facebook.com/ads/library/?id=1376630554316244 | https://www.facebook.com/ads/library/?id=1708910720392963 | https://www.facebook.com/ads/library/?id=1950759622550013 | https://www.facebook.com/ads/library/?id=1042494484973953 | https://pay.hotmart.com/K102179105D | https://pay.hotmart.com/T102280557H,"Kits de US$3,7 a 14,99 (Kit Digital CLP 3.500; Someri MXN 99–119; rede 6U$D; Hotmart US$5, 10 e 14,99). O revendedor cobra do cliente final ~US$5–34. BR: R$47–67; a Convitia promete 'Fature até R$250 por convite'.",14 (13 donos de kit ou curso em 'invitaciones digitales para vender'). Proxy do top 50.,"118,8 (Kit Digital, que é template Canva). A única ferramenta web B2B vista (Event Builder Studio) tem 2,2 d.",33 (Convitia BR); 16 na ES,'invitaciones digitales para vender' ES11 = 86–88; 'emprende invitaciones interactivas' = 9; 'invitación interactiva' = 200; BR 'convite interativo vender' = 8,ES: formato ferramenta de revenda pouco explorado; template saturado. BR: validado pela Convitia.,"Misto: demonstração ('Mira como funciona') e promessa ('listas para VENDER', 'Fature até R$250').","Mega Plantillas tem 10 anúncios há 49,5 d ('Mira como funciona'). Web Online tem 9 há 21,4 d. Someri tem 3 há 8,5 d. No BR, a Convitia tem 33 há 76,9 d, com ângulo duplo (B2C e revenda). Já existem ~32 microempresas vendendo convite web. Quase todos os kits ES são template; um motor web com RSVP em kit low ticket quase não aparece.","E2 moderada ('listas para VENDER'). E4 leve (rede 6U$D). E5 moderada (editor, hospedagem e RSVP). E3 se o revendedor exigir suporte.",fase1_hipoteses; fase1_meta_servicos; fase1_hotmart_es; brasil_espelho; demanda,não,"Passa. Tem ângulo de demo honesto já observado ('Mira como funciona', 49,5 d), vender convite é negócio conhecido e há ângulo duplo (serve para o próprio evento). O custo marginal é só storage e tráfego, cerca de US$0,01–0,05 por convite. Sai em 14 dias sobre o código do Mimo (modelos por evento, contagem, mapa, RSVP no Supabase e painel com vários convites). Cuidados: limitar convites por licença ou expirar após o evento, e não vender direito de revenda dos modelos.",https://www.facebook.com/ads/library/?active_status=active&ad_type=all&country=MX&q=invitaciones%20digitales%20para%20vender&search_type=keyword_unordered | https://www.facebook.com/ads/library/?active_status=active&ad_type=all&country=MX&q=emprende%20invitaciones%20interactivas&search_type=keyword_unordered | https://www.facebook.com/ads/library/?active_status=active&ad_type=all&country=MX&q=invitaci%C3%B3n%20interactiva&search_type=keyword_unordered
L03,Editor self-service de invitación web low ticket (B2C),Ferramenta / entregável personalizado (convite web),"O próprio anfitrião monta o convite web (fotos, música, contagem, mapa, RSVP) em minutos e recebe o link na hora. Bumps: modelo extra, lista de RSVP, save the date, álbum.","MX, PE, AR, CL, CO, GT, BO, UY, US; BR como espelho",https://www.facebook.com/ads/library/?id=1290146059969674 | https://www.facebook.com/ads/library/?id=1894344334607556 | https://www.facebook.com/ads/library/?id=1066163912961541 | https://www.facebook.com/ads/library/?id=1593301982261896 | https://www.facebook.com/ads/library/?id=2258326214989459 | https://hotmart.com/es/marketplace/productos/invitaciones-digitales-tipo-sitio-web/O101247541J,"Serviço sob encomenda de US$5 a 34 ($99 MXN, $499 MXN, S/95,90–125,90). SaaS Invitio: 599 MXN, pagamento único. BR: Convitia freemium; serviço R$37–99.",32 (distintos em 'confirmación de asistencia'; proxy do top 50),"126,5 (Tarjetas Interactivas)",43 (Corazón de Fiesta),'invitación web' = 653; 'invitaciones digitales' = 1.139–1.286; 'invitación confirmación de asistencia' = 463; 'invitación digital baby shower' = 139,"ES: demanda atendida por serviço manual ou SaaS caro; editor barato ausente. BR: 'convite interativo' = 598, Convitia freemium.","Vende o produto ('Tu invitación web por solo $99', 'Veja seu convite antes de pagar').","My Invite tem 16 anúncios há 116,3 d. Invitio tem 12 há 112,5 d ('Pago único'). Miboda.love tem 16 há 108,9 d. Corazón de Fiesta tem 43 ou mais há 64,4 d ou mais. Na ES não vi editor self-service abaixo de ~US$10.","Nenhuma forte. Fica fora do nicho 'renda extra', a não ser com ângulo duplo. E5 moderada.",fase1_hipoteses; fase1_meta_servicos; fase1_hotmart_es; brasil_espelho,sim (E0),"Como está descrito e anunciado ('Tu invitación web por solo $99'), é para o anfitrião usar no próprio evento, sem ângulo de renda. Em E1–E5 passaria: ferramenta demonstrável, custo de centavos e montável em 14 dias. A versão com ângulo duplo é o L02.",https://www.facebook.com/ads/library/?active_status=active&ad_type=all&country=MX&q=invitaci%C3%B3n%20web&search_type=keyword_unordered | https://www.facebook.com/ads/library/?active_status=active&ad_type=all&country=MX&q=invitaciones%20digitales&search_type=keyword_unordered | https://www.facebook.com/ads/library/?active_status=active&ad_type=all&country=MX&q=invitaci%C3%B3n%20confirmaci%C3%B3n%20de%20asistencia&search_type=keyword_unordered
L04,Kit de revenda de invitaciones web de XV años,Kit de revenda (nicho XV años),"Editor e modelos de convite web só para XV años (padrinos, música, RSVP), com mensagens prontas para vender a mães e quinceañeras.","MX, PE, AR, US hispano; BR (15 anos)",https://www.facebook.com/ads/library/?id=1894344334607556 | https://www.facebook.com/ads/library/?id=1100749419578158 | https://www.facebook.com/ads/library/?id=1075645465174376 | https://www.facebook.com/ads/library/?id=1871601350828706 | https://www.facebook.com/ads/library/?id=926250710492880 | https://pay.hotmart.com/T102280557H,"Someri MXN 119,20 (inclui bodas e XV); Hotmart 'PACK BODA Y QUINCEAÑOS' US$5 (snippet)",8 (com XV no título),"116,3 (My Invite)",16,'invitación digital XV años' ES11 = 225,"ES: serviços, sem kit de ferramenta dedicado. BR: ângulo usado pela Convitia.",Ganho por convite (BR) ou demonstração do convite de XV.,"My Invite, Limasystem, DLC.Invitaciones, Calixta Card e Someri anunciam convite de XV. No BR, a Convitia usa 'Ganhe até R$200 por convite de 15 anos'.",E2 moderada. Nicho estreito. E5 moderada.,fase1_hipoteses,não,"Passa. Dá para anunciar só com a demo do convite de XV (padrinos, música, RSVP), sem citar valor, e há ângulo duplo (a mãe usa na festa da filha ou vende). O custo marginal é de centavos por hospedagem e o motor é o mesmo do L02, então sai em 14 dias. É um recorte de nicho do L02 e cabe melhor como pacote de modelos ou ângulo de anúncio do que como produto separado. Evitar o gancho BR 'Ganhe até R$200 por convite'.",https://www.facebook.com/ads/library/?active_status=active&ad_type=all&country=MX&q=invitaci%C3%B3n%20digital%20XV%20a%C3%B1os&search_type=keyword_unordered
L05,Pack de video-invitaciones animadas para revender,Kit de revenda (vídeo templates),"Convites em vídeo (infantil, XV, boda) editáveis em Canva, PowerPoint ou CapCut. O comprador troca os dados e vende cada vídeo por ~US$10–20.","MX, PE, CO; BR como espelho",https://www.facebook.com/ads/library/?id=28668551599495122 | https://www.facebook.com/ads/library/?id=1950759622550013 | https://www.facebook.com/ads/library/?id=1412094170985815 | https://www.facebook.com/ads/library/?id=1084722294422694 | https://hotmart.com/es/marketplace/productos/pack-de-190-video-invitaciones-digitales-para-cumpleanos/N84722082H | https://hotmart.com/es/marketplace/productos/negocio-de-invitaciones-infantiles-de-principiante-a-experto/I86554392L,"Someri MXN 99–119,20; vídeo ao consumidor $350 MXN (~US$19); packs Hotmart não verificados",5,"38,3 (BR, 'CONVITES CINEMATOGRÁFICOS'); ES 21,4 (Web Online)",8,'video invitación' = 1.955 (ruído); 'video personalizado cumpleaños' = 184,Média nas duas línguas.,Promessa de ganho ('listas para VENDER') com demonstração do vídeo.,"Há 2 packs na Hotmart. Anunciantes B2C: Den y Lastra, InviVideo CUU, Angie, Video invitaciones Reina. No BR, a Convitia vende 'convites cinematográficos'.","E2. E1 se vier como curso. Risco de PI (personagens Disney/Pixar). É template, não ferramenta.",fase1_meta_servicos; fase1_hipoteses,não,"Passa, no limite. A demo do vídeo animado já vende sem citar valor ('edita en Canva desde tu celular') e há ângulo duplo (a festa do próprio filho). É template, então o custo marginal é zero, e uns 50 vídeos editáveis em Canva ou CapCut saem em 14 dias. Riscos: PI dos packs do mercado (Disney/Pixar), o ângulo observado é 'listas para VENDER', e é template, não ferramenta.",https://www.facebook.com/ads/library/?active_status=active&ad_type=all&country=MX&q=video%20invitaci%C3%B3n&search_type=keyword_unordered | https://www.facebook.com/ads/library/?active_status=active&ad_type=all&country=MX&q=video%20personalizado%20cumplea%C3%B1os&search_type=keyword_unordered
L06,Mega pack de convites digitais editáveis no Canva/PPT 'listos para vender',Kit de revenda (templates),"Centenas ou milhares de convites editáveis (boda, XV, bautizo, cumpleaños, baby shower) com licença comercial e mini-guia de venda pelo WhatsApp.","LATAM em USD, PE, CL, CO; anunciantes BR vendendo em ES",https://www.facebook.com/ads/library/?id=1708910720392963 | https://www.facebook.com/ads/library/?id=1376630554316244 | https://www.facebook.com/ads/library/?id=1529789795491834 | https://www.facebook.com/ads/library/?id=3711236485701842 | https://pay.hotmart.com/T102280557H | https://hotmart.com/es/marketplace/productos/mega-pack-de-invitaciones-digitales/N86477437U,"US$3,7–10 (CLP 3.500; 6U$D; Hotmart US$5 e 10); guerra de preço entre US$3 e 6",12,"118,8 (Kit Digital, CLP)",17,'vender invitaciones digitales' = 88; 'invitaciones editables' = 345; 'plantillas de invitaciones' = 262,ES: saturada. BR: formato comum (Canva Para Noivas).,Majoritariamente promessa de ganho; parte demonstra o produto.,"Kit Digital tem 17 anúncios. Genios Online/Morador rodam há 77 d. Mega Plantillas tem 10 há 49,5 d. A rede 6U$D roda em 4 ou mais páginas com rotação a cada 3–4,5 d. Há pelo menos 12 produtos na Hotmart.",E2 forte ('Emprende desde casa'). E4 leve (packs revendáveis). Mercado comoditizado.,fase1_meta_servicos; fase1_meta_kits; demanda,não,"Passa com ressalvas. Parte dos anúncios já só demonstra o pack (Kit Digital, 118,8 d), 'emprende' sem valor é permitido e há ângulo duplo (evento próprio). O custo marginal é zero e umas 150–300 peças originais em Canva saem em 14 dias. Não cai em E4 porque o valor está em vender convites, não em revender o pack. Mesmo assim, o mercado tem cara de PLR (rede 6U$D, mais de 12 produtos iguais na Hotmart): é obrigatório conteúdo original e licença só de uso comercial.",https://www.facebook.com/ads/library/?active_status=active&ad_type=all&country=MX&q=vender%20invitaciones%20digitales&search_type=keyword_unordered | https://www.facebook.com/ads/library/?active_status=active&ad_type=all&country=MX&q=invitaciones%20editables&search_type=keyword_unordered | https://www.facebook.com/ads/library/?active_status=active&ad_type=all&country=MX&q=plantillas%20de%20invitaciones&search_type=keyword_unordered
L07,Curso 'emprende con invitaciones digitales/interactivas',Curso (sinalizar E1),"Curso em módulos que ensina a criar e vender convites digitais, às vezes com pack de modelos de bônus.","CO, PE, MX (Hotmart ES)",https://pay.hotmart.com/V103706751K | https://hotmart.com/es/marketplace/productos/negocio-de-invitaciones-infantiles-de-principiante-a-experto/I86554392L,US$10 ('Invitaciones Digitales desde Cero'),"3 citados (Web Online, Genios Online/Morador, Invita y Emprende); total não verificado",77 (Genios Online/Morador),9,'emprende invitaciones interactivas' = 9,não verificado,Promessa de ganho,"Web Online: 'CURSO PASO A PASO +1200 INVITACIONES listas para VENDER', 8–9 anúncios há 21,4 d. Há ainda cursos na Hotmart, Udemy e tiendup.",E1 (curso). E2 (promessa de renda).,fase1_meta_kits; fase1_meta_servicos; fase1_hotmart_es; fase1_hipoteses,sim (E1),"O núcleo é um curso em módulos ('CURSO PASO A PASO'), que depende de gente real gravando aulas, e o ângulo observado é promessa de ganho (também E2).",https://www.facebook.com/ads/library/?active_status=active&ad_type=all&country=MX&q=emprende%20invitaciones%20interactivas&search_type=keyword_unordered
L08,Página-presente digital B2C em espanhol (o Mimo Gift em ES),Produto personalizado pronto B2C (editor),"Editor que gera uma página com fotos, mensagem, música, QR e final interativo, com ângulos por destinatário (pareja, mamá, amigo, graduação, desculpas).",Espanha e LATAM (web); na Meta ES nada isolado,https://qlovy.com/es/blog/regalo-digital-gratis | https://miyogift.com/es | https://iloveyou.gift/ | https://gifft.me/es | https://www.facebook.com/ads/library/?id=945751598008146 | https://www.facebook.com/ads/library/?id=1433593615534414,iloveyou.gift 'desde $5'; QLovy grátis por 24 h e planos pagos (valor não verificado); Mimo US$8–9,Não verificado na Meta ES; pelo menos 4 concorrentes web em ES,"ES: não verificado. BR B2C: 457,1.",não verificado,'página de amor' = 3.633–3.835 (ruído); 'regalo digital' = 7.556 (ruído); 'página personalizada para tu pareja' = 129,"BR: validado e longevo. ES: pouco visível na Meta, com concorrentes web existentes.",Presente emocional,"As buscas 'página de amor', 'regalo digital' e 'sorpresa digital' só trouxeram ruído. Há concorrentes web ativos em ES. Impulso digital (PEN) roda 5 anúncios há 11,2 d com 'Flores Amarillas', sazonal.","Nenhuma. É o próprio case, como controle ou extensão.",fase1_meta_servicos; fase1_hipoteses,sim (E0),"É presente emocional de uso próprio (o comprador dá a página à parceira ou à mãe), não produto de renda extra. É o case e controle do próprio Mimo e não cai em E1–E5, mas está fora do escopo da missão.",https://www.facebook.com/ads/library/?active_status=active&ad_type=all&country=MX&q=p%C3%A1gina%20de%20amor&search_type=keyword_unordered | https://www.facebook.com/ads/library/?active_status=active&ad_type=all&country=MX&q=regalo%20digital&search_type=keyword_unordered | https://www.facebook.com/ads/library/?active_status=active&ad_type=all&country=MX&q=p%C3%A1gina%20personalizada%20para%20tu%20pareja&search_type=keyword_unordered
L09,Kit de festa temática editável no Canva (uso próprio),Kit editável / papelaria de festa,"Milhares de modelos por tema (cumpleaños, bautizo, baby shower) editáveis no celular: convite, topo, etiquetas, candy bar, cajitas.","MX, CO, AR, CL, PE, EC, US; muitos operadores BRL",https://www.facebook.com/ads/library/?id=1322083110140484 | https://www.facebook.com/ads/library/?id=2072230433424563 | https://www.facebook.com/ads/library/?id=1043999145023859 | https://pay.hotmart.com/S103755914P | https://pay.hotmart.com/F103010959C | https://pay.hotmart.com/Q103662817T,"US$3,7–17 (CLP 3.500; Hotmart US$5–10; 'Kits para fiestas editables' US$17; MXN 89)",12,"81,2 (DecoKit Shop; 90,2 em outra medição); cienacres.imprimibles tem 468 (ver L10)",160 (DecoKit Shop),'fiesta en Canva plantillas' = 150; 'kit de cumpleaños editable' = 26; BR 'kit festa editável' = 74,"ES: saturada, com arbitragem BR em curso.",Principal: festa WOW sem decoradora. Secundário: revender.,"DecoKit Shop tem 160 anúncios ativos e ~12 ângulos ('Crea toda la fiesta en Canva'). No BR, Festa 550 tem 17 há 35,7 d. Fiesta en Casa (BRL) usa 'Crea tu fiesta sin ser decoradora'.",E2 parcial (ângulo '¿Y si empiezas a venderlos?'). Risco de PI com personagens licenciados.,fase1_meta_kits; brasil_espelho; fase1_hotmart_es,não,"Não cai em E0 porque o ângulo duplo aparece nos anúncios: a DecoKit usa 'festa WOW sem decoradora' como gancho principal e '¿Y si empiezas a venderlos?' como secundário. O gancho principal não promete ganho, o custo marginal é zero e umas 20–30 temáticas originais em Canva saem em 14 dias. Riscos: PI de personagens licenciados e sobreposição com o L10.",https://www.facebook.com/ads/library/?active_status=active&ad_type=all&country=MX&q=fiesta%20en%20Canva%20plantillas&search_type=keyword_unordered | https://www.facebook.com/ads/library/?active_status=active&ad_type=all&country=MX&q=kit%20de%20cumplea%C3%B1os%20editable&search_type=keyword_unordered | https://www.facebook.com/ads/library/?active_status=active&ad_type=all&country=MX&q=kit%20festa%20edit%C3%A1vel&search_type=keyword_unordered
L10,Biblioteca de papelaria criativa editável (+10.000 recursos) para vender lembrancinhas,Kit editável / papelaria criativa,"Pack no Canva e em PDF com cajitas, toppers, letras 3D, etiquetas e fundos. A compradora imprime, monta e vende.","MX, CO, AR, CL, PE, UY, US; muitas páginas BRL",https://www.facebook.com/ads/library/?id=1054639970312774 | https://www.facebook.com/ads/library/?id=1788589162459216 | https://www.facebook.com/ads/library/?id=1517888309821966 | https://www.facebook.com/ads/library/?id=1477793531027394 | https://mundocreativo.blog/products/kit-de-papeleria | https://hotmart.com/es/marketplace/productos/hagsxd-papeleria-creativa-osm6z/R102572444D,"ARS 17.990 (cheio 45.900); MXN 89 (~US$4,8); CLP 3.990 (~US$4,3); COP 9.900 (~US$2,5)",25 (páginas distintas; proxy do top 50),"469,5 (cienacres.imprimibles); Papelería Creativa (BR) 101,9",66,'papelería creativa' = 699; 'plantillas editables para vender' = 420; 'imprimibles para vender' = 159; 'papelería creativa kit plantillas' = 54,ES: saturada. BR: origem da oferta.,"Kit ('+10,000 recursos') e negócio leve ('Tu negocio puede empezar con esto').",É o maior cluster multi-anunciante do território. Mundo Creativo Digital tem 66 anúncios da mesma oferta. É a oferta brasileira 'Papelaria Criativa' traduzida para o espanhol.,"E4 possível (PLR, personagens). E2 leve.",fase1_meta_kits; meta_artesanato_recetas_proveedores_templates_ES,não,"Passa com ressalvas. O ângulo é o kit ('+10,000 recursos', 'Tu negocio puede empezar con esto'), sem valor em dinheiro. Quem imprime é a compradora, então o produtor não tem custo marginal, e um MVP original de cerca de 500–1.000 peças sai em 14 dias. Alerta: a oferta de mercado é a 'Papelaria Criativa' BR revendida por 25 páginas (cara de PLR). Copiar esse volume exigiria PLR, que cai em E4 e na regra de produto repetido da Hotmart. Tem de ser original e sem personagens.",https://www.facebook.com/ads/library/?active_status=active&ad_type=all&country=MX&q=papeler%C3%ADa%20creativa&search_type=keyword_unordered | https://www.facebook.com/ads/library/?active_status=active&ad_type=all&country=MX&q=plantillas%20editables%20para%20vender&search_type=keyword_unordered | https://www.facebook.com/ads/library/?active_status=active&ad_type=all&country=MX&q=imprimibles%20para%20vender&search_type=keyword_unordered
L11,Moldes de caixinhas e cajas escenario para montar kits de presente,Kit imprimível de embalagens,"De 40 a mais de 300 moldes (PDF e Canva) de caixinhas, cajitas dulceras e cajas escenario, para transformar cosméticos e doces em kits de presente.","PE, AR, CO, MX, US; BR",https://www.facebook.com/ads/library/?id=1087199917345042 | https://www.facebook.com/ads/library/?id=1109426881423561 | https://www.facebook.com/ads/library/?id=2078295209485127 | https://www.facebook.com/ads/library/?id=1097880062567915 | https://www.facebook.com/ads/library/?id=1058112110287060 | https://www.facebook.com/ads/library/?id=2986895848313204,"US$2–2,7 (S/10; '+300 Moldes' US$2)",6,"25,0 (Veronica Ventas/MX); Carojo 325,6 com produto incerto",19,'moldes cajas para vender' = 60; 'moldes de cajas para imprimir' = 48; 'cajitas personalizadas moldes para vender' = 20,Média nas duas línguas.,Resultado de uso ('Vende más armando Kits de Regalo') e produto.,"Mi Masterclass Online tem 19 anúncios ('Transforma tus cosméticos en Regalos Premium'). Packs & Moldes Pro está há 24,4 d. Moldes Cajas Decorativas tem 5 anúncios há 23,2 d.",E4 leve (moldes compilados). Ticket muito baixo. Pode virar order bump do L10.,fase1_meta_kits; meta_artesanato_recetas_proveedores_templates_ES; brasil_espelho,não,"Passa. O ângulo é o resultado de uso ('Transforma tus cosméticos en Regalos Premium'), sem valor em dinheiro. O custo marginal é zero e umas 40 facas em PDF e Canva saem em 14 dias. O ticket de US$2 é baixo, mas isso não elimina (serve de order bump do L10). Evitar moldes compilados de terceiros.",https://www.facebook.com/ads/library/?active_status=active&ad_type=all&country=MX&q=moldes%20cajas%20para%20vender&search_type=keyword_unordered | https://www.facebook.com/ads/library/?active_status=active&ad_type=all&country=MX&q=moldes%20de%20cajas%20para%20imprimir&search_type=keyword_unordered | https://www.facebook.com/ads/library/?active_status=active&ad_type=all&country=MX&q=cajitas%20personalizadas%20moldes%20para%20vender&search_type=keyword_unordered
L12,Mega pack de topos de bolo prontos para imprimir,Pack digital / festa,"Milhares de topos de bolo por tema (personagens, datas, profissões) em PDF e PNG, para a festa própria ou para vender.","BR validado; na ES, MX e US com 1–2 anunciantes digitais",https://www.facebook.com/ads/library/?id=1579502953724620 | https://www.facebook.com/ads/library/?id=2155772475373199 | https://www.facebook.com/ads/library/?id=1786235355717907,"BR R$1,49 (20 mil topos, front-end); R$3,99 (Kit Festa na Mesa)",4,"33,5 (BR); ES 33,1 (Activa Academy)",10,BR 'topo de bolo' = 1.307; ES 'toppers para pastel' = 55; 'cake topper editable' = 0,ES pouco explorada; BR validada.,Festa pronta ou vender topos,"Na ES, o digital se resume a Emilia Creativa (2 anúncios há 11,5 d) e Activa Academy. A maior parte dos anúncios de topper é de confeitaria física.",E2 parcial. E4 se virar PLR. PI com personagens.,brasil_espelho,não,"Passa com ressalvas. Há ângulo duplo observado (festa pronta ou vender topos, também como insumo de confeiteira), a demo não precisa de promessa, o custo marginal é zero e um pack original feito com IA sai em 14 dias. Alerta: a oferta observada (20 mil topos por R$1,49) é compilação PLR de personagens licenciados. Sem conteúdo original cai em E4 e em PI.",https://www.facebook.com/ads/library/?active_status=active&ad_type=all&country=MX&q=topo%20de%20bolo&search_type=keyword_unordered | https://www.facebook.com/ads/library/?active_status=active&ad_type=all&country=MX&q=toppers%20para%20pastel&search_type=keyword_unordered | https://www.facebook.com/ads/library/?active_status=active&ad_type=all&country=MX&q=cake%20topper%20editable&search_type=keyword_unordered
L13,Papelaria de casamento editável no Canva,Kit editável (boda),"Convite, save the date, menu, placas e tags combinando, editáveis no celular. Upsell: convite interativo.",BR validado; ES: AR e US (clone recém-lançado),https://www.facebook.com/ads/library/?id=1313617404312022 | https://www.facebook.com/ads/library/?id=1029262369937208 | https://www.facebook.com/ads/library/?id=1090593597009231 | https://hotmart.com/pt-br/marketplace/produtos/kit-de-papelaria-de-casamento-editavel-canva/Q105352299G,"BR R$19,90–67",5,"88,9 (Canva Para Noivas, BR)",35,ES 'papelería de boda' = 48,ES pouco explorada (o primeiro clone acabou de entrar); BR validada.,Economia e estética,"Canva Para Noivas tem 35 anúncios e vários ângulos ('é barato mas tem cara de caro'). O clone ES 'Canva para novias' tem 6 anúncios há 0,3 d.",Nenhuma óbvia. Teto limitado ao público de noivas.,brasil_espelho,sim (E0),"Fora do escopo: como observado ('Canva Para Noivas', ângulo 'barato mas com cara de caro'), a noiva compra para usar no próprio casamento. Não há ângulo de revenda nos anúncios. E1 a E5 estariam ok.",https://www.facebook.com/ads/library/?active_status=active&ad_type=all&country=MX&q=papeler%C3%ADa%20de%20boda&search_type=keyword_unordered
L14,"Kit de jogos imprimíveis para chá de bebê, despedida de solteira e festa",Kit imprimível,"De 3 a 6 jogos editáveis (caça-palavras, 'quem conhece mais a noiva', stop, caça ao tesouro) com instruções.",BR validado; ES e US sem evidência paga,https://www.facebook.com/ads/library/?id=1422855243093646 | https://www.facebook.com/ads/library/?id=1358522556271677 | https://estudiocreatus.com.br/produto/kit-com-6-brincadeiras-de-cha-de-lingerie-preto-e-vermelho/ | https://www.elo7.com.br/lista/kit-de-brincadeiras-cha-de-lingerie | https://www.facebook.com/ads/library/?id=1636605181316151 | https://www.facebook.com/ads/library/?id=2037485336833447,não verificado,1 (BR: Chá de Langerie Pronto),"38,2 (BR)",8,ES 'juegos para baby shower' = 451 (ruído); 'juegos para despedida de soltera' = 27; US 'baby shower games printable' = 2,"ES pouco explorada, com demanda não verificada.",Festa pronta sem esforço,"Na ES, as buscas trouxeram zero kits digitais. Nos EUA, o canal provável é Etsy e Pinterest (não verificado).",Nenhuma. Teto baixo (nicho de evento).,brasil_espelho; fase1_global,sim (E0),Fora do escopo: quem compra é a anfitriã da própria festa (ângulo 'festa pronta sem esforço'). Na ES não apareceu ângulo de revenda; o Elo7 só mostra o vendedor final.,https://www.facebook.com/ads/library/?active_status=active&ad_type=all&country=MX&q=juegos%20para%20baby%20shower&search_type=keyword_unordered | https://www.facebook.com/ads/library/?active_status=active&ad_type=all&country=MX&q=juegos%20para%20despedida%20de%20soltera&search_type=keyword_unordered | https://www.facebook.com/ads/library/?active_status=active&ad_type=all&country=MX&q=baby%20shower%20games%20printable&search_type=keyword_unordered
L15,Etiquetas escolares e kit de volta às aulas editável,Papelaria editável escolar,"Etiquetas com o nome da criança, capas de caderno e horários, para uso próprio ou para vender personalizados.","MX, CO, AR, US",https://www.facebook.com/ads/library/?id=2229308641185714 | https://www.facebook.com/ads/library/?id=1270026136202268 | https://www.facebook.com/ads/library/?id=2136273693942468 | https://www.facebook.com/ads/library/?id=1651569109650285 | https://www.facebook.com/ads/library/?id=1117380270719232,"MXN 89 (~US$4,8)",5,"12,4 (Diseña Creativo); Espacio Creativo 82,4 com oferta incerta",14,'etiquetas escolares editables' = 49,não verificado,Preço baixo,Diseña Creativo tem 6 anúncios ('solo $89 MXN'). Universo Kids tem 4.,E3 parcial (venda por WhatsApp). Sazonal.,fase1_meta_kits; meta_artesanato_recetas_proveedores_templates_ES,não,"Sobrevive com ângulo duplo real: a mãe usa, e a empreendedora vende etiquetas personalizadas. O E3 da Fase 1 vem da personalização manual por WhatsApp dos anunciantes; um kit ou editor onde a compradora digita o nome tem custo marginal zero. É sazonal e o calendário escolar muda por país.",https://www.facebook.com/ads/library/?active_status=active&ad_type=all&country=MX&q=etiquetas%20escolares%20editables&search_type=keyword_unordered
L16,Agendas e planners 2027 editáveis para imprimir e vender,Papelaria editável sazonal,"Agendas 2027 (PowerPoint ou Canva) com capas personalizáveis e datas automáticas, para imprimir, encadernar e vender.","AR, MX, CO, CL, PE, US",https://www.facebook.com/ads/library/?id=2232346370955983 | https://www.facebook.com/ads/library/?id=1560138291980476 | https://www.facebook.com/ads/library/?id=890363020676719 | https://pay.hotmart.com/N96421608B | https://pay.hotmart.com/Y105994330R | https://pay.hotmart.com/M102998773E,"US$3,90 (Hotmart); CLP 3.500",10,"6,2 (pico sazonal)",12,'agendas 2027 para vender' = 107,ES média a alta nesta temporada.,Produto pronto com revenda,"Inu studio tem 12 anúncios ('Elegí, imprimí, vendé'). Jirafa Creativa tem 7 e Mundo Agendas 5. A janela sazonal (set–jan) está aberta.",Sazonal. E2 leve.,fase1_meta_kits; fase1_hotmart_es,não,"Sobrevive: 'Elegí, imprimí, vendé' mostra o produto (capas personalizáveis, datas 2027) sem citar valor. A licença é para imprimir e vender a agenda física, não os arquivos, então não é E4. Custo marginal zero e dá para montar em 14 dias. É sazonal (set–jan) e a janela está aberta agora.",https://www.facebook.com/ads/library/?active_status=active&ad_type=all&country=MX&q=agendas%202027%20para%20vender&search_type=keyword_unordered
L17,Planner digital (PDF hiperlinkado / GoodNotes) e templates de Notion,Template / planner,"Planner 2027 digital com abas clicáveis e stickers digitais, ou workspace pronto de Notion duplicado com 1 clique. Bumps por público (professora, empreendedora, finanças).","US, CA, IN; ES: MX, CL. Notion: US, IN.",https://www.facebook.com/ads/library/?id=1066876329290262 | https://www.facebook.com/ads/library/?id=1553382629922036 | https://www.facebook.com/ads/library/?id=4063908807246549 | https://www.facebook.com/ads/library/?id=2809259032789250 | https://www.facebook.com/ads/library/?id=1661567358725931 | https://www.facebook.com/ads/library/?id=1558452698928843,"US$4,99 (Daily Thrive); CLP 3.500; Notion não verificado",6 (planner digital); 3 (Notion),"Planner: não verificado. Notion: 1,2.",3,US 'digital planner' = 887 (ruído); 'planner digital' ES6 = 1.074 (ruído); US 'Notion template' = 136,Fraca nas duas línguas. Notion em ES não rodado.,Organização e ferramenta,"A demanda paga é fraca nos dois lados. Anunciantes relevantes: Emery, TeacherPlannerhq, Meraki.planners, Mundo Digital. Em Notion a demanda paga também é fraca. Fundida com a antiga L55 (templates de Notion).",Nenhuma. Pouco diferenciável. Notion: público pequeno na LATAM (não verificado).,fase1_global,sim (E0),"Fora do escopo: planner digital e Notion servem à organização pessoal de quem compra. Os bumps por público (professora, empreendedora, finanças) também são de uso próprio. Não há ângulo de revenda observado.",https://www.facebook.com/ads/library/?active_status=active&ad_type=all&country=MX&q=digital%20planner&search_type=keyword_unordered | https://www.facebook.com/ads/library/?active_status=active&ad_type=all&country=MX&q=planner%20digital&search_type=keyword_unordered | https://www.facebook.com/ads/library/?active_status=active&ad_type=all&country=MX&q=Notion%20template&search_type=keyword_unordered
L18,"App/biblioteca de stickers prontos para vender, com montador de folha e calculadora de preço (inclui nicho cristão)",Ferramenta + biblioteca de designs,"App web com mais de 8.000 stickers para imprimir e cortar, montagem de folha para reduzir desperdício e precificação. Há variantes por nicho (stickers bíblicos e católicos, papelaria cristã para batizado, 1ª comunhão e datas religiosas).","AR e UY (voseo), MX, CO, PE (USD); nicho cristão com anunciantes BRL em ES (países não identificados)",https://www.facebook.com/ads/library/?id=1003636949331535 | https://www.facebook.com/ads/library/?id=2197892240793228 | https://www.facebook.com/ads/library/?id=2666960917071477 | https://www.facebook.com/ads/library/?id=1375706314718612 | https://pay.hotmart.com/K94892563U | https://pay.hotmart.com/H94786552K | https://www.facebook.com/ads/library/?id=1123414036931102 | https://www.facebook.com/ads/library/?id=2164694427443278 | https://www.facebook.com/ads/library/?id=1127273063289294,"Super Pack 3000 Stickers US$3,90 (Hotmart); app não verificado; nicho cristão não visto","5; mais 2 no nicho cristão (Papelería Cristiana e Luciana Cross, BRL)","74,7 ('Stickers para vender'); nicho cristão 1,5",17,'stickers para vender' = 373; 'regalos digitales para vender' = 76 (2 anunciantes do nicho cristão),não verificado,"Ferramenta e produto, com a promessa 'empezá a vender'. No nicho cristão, oportunidade de negócio ('Empieza con papelería cristiana').","Os anúncios usam ângulos de ferramenta: 'Mirá cómo funciona la app', 'No cobres tus stickers a ojo'. Mega ventas (stickers bíblicos) tem 17 anúncios. No nicho cristão, Papelería Cristiana (BRL) tem 5 anúncios há 1,5 d ('Empieza con papelería cristiana') e Luciana Cross (BRL) tem 7 há 1,5 d ('150 adhesivos católicos para imprimir'). São anunciantes novos; a evidência cristã é fraca, mas é o único ângulo de renda extra do cluster cristão (ver L57 e L58). Sobrepõe-se também ao L10.","E2 moderada. E5 viável. É a oferta de ferramenta mais próxima deste território. No nicho cristão, E2 leve se o anúncio prometer ganho.",fase1_meta_kits; fase1_hotmart_es; lacunas,não,"Sobrevive: o núcleo é ferramenta (montador de folha e calculadora de preço), e os anúncios observados já usam ângulo de ferramenta ('Mirá cómo funciona la app', 'No cobres tus stickers a ojo'). A biblioteca pode ser gerada por IA uma única vez (~US$0,01–0,04 por imagem, custo fixo, marginal zero), mas precisa evitar personagens licenciados. A variante cristã é o mesmo produto.",https://www.facebook.com/ads/library/?active_status=active&ad_type=all&country=MX&q=stickers%20para%20vender&search_type=keyword_unordered | https://www.facebook.com/ads/library/?active_status=active&ad_type=all&country=MX&q=regalos%20digitales%20para%20vender&search_type=keyword_unordered
L19,"Pack de designs para sublimação e DTF (canecas, termos, camisetas)",Pack de designs para personalização,"Milhares de artes em PNG, PSD e CDR por tema e data, prontas para sublimar. Há variantes com ferramenta (ação de meio-tom, mockup).","MX, AR, CO, CL, PE, US; BR",https://www.facebook.com/ads/library/?id=28434580712876917 | https://www.facebook.com/ads/library/?id=1080833241314673 | https://www.facebook.com/ads/library/?id=1653470799480779 | https://www.facebook.com/ads/library/?id=936941819469646 | https://pay.hotmart.com/D105211812J | https://pay.hotmart.com/Y105336046F,"US$4–19,99 (moda US$5–10); Pixelpack US$9,99; MXN 99; BR R$19,90–39,90",12,"10,5 (Mundo Diseño); 28,8 contando a Envinil (vinil, ver L20)",19,'diseños para sublimar' = 187–189; 'plantillas para tazas sublimación' = 109; 'sublimación' = 3.013; BR 'artes para sublimação' = 280,Saturada nas duas línguas.,"Quantidade e urgência ('+500.000 diseños', 'HOY SE TERMINA')",Há pelo menos 12 páginas. A Hotmart tem 10 produtos. Mundo Diseño tem 19 anúncios ('Semitono en segundos').,E4 provável (packs reempacotados). Alto risco de PI.,fase1_meta_kits; meta_artesanato_recetas_proveedores_templates_ES; brasil_espelho; fase1_hotmart_es,sim (E4),"Como observado, é pack PLR compilado com arte de terceiros ('+500.000 diseños', o mesmo pack em 12 páginas e 10 produtos na Hotmart). A Hotmart reprova produto repetido e PLR compilado, e o risco de PI é alto. A âncora de quantidade só se atinge revendendo PLR.",https://www.facebook.com/ads/library/?active_status=active&ad_type=all&country=MX&q=dise%C3%B1os%20para%20sublimar&search_type=keyword_unordered | https://www.facebook.com/ads/library/?active_status=active&ad_type=all&country=MX&q=plantillas%20para%20tazas%20sublimaci%C3%B3n&search_type=keyword_unordered | https://www.facebook.com/ads/library/?active_status=active&ad_type=all&country=MX&q=sublimaci%C3%B3n&search_type=keyword_unordered
L20,Arquivos de corte prontos: SVG para vinil/Cricut/Silhouette e DXF para laser/MDF (+2.100 moldes),Pack de arquivos de corte,"Biblioteca SVG e PNG para cortar vinil e personalizar camisetas, copos e presentes, e vetores DXF e SVG para laser e CNC (caixas, topos, luminárias). Quem tem máquina produz e vende.","MX, CO, PE, CL, US; BR",https://www.facebook.com/ads/library/?id=1714998096427753 | https://www.facebook.com/ads/library/?id=1741139417615425 | https://www.facebook.com/ads/library/?id=1534654041701341 | https://www.facebook.com/ads/library/?id=1616421980278560 | https://www.facebook.com/ads/library/?id=949502674113165 | https://soyangelyc.com/ | https://www.facebook.com/ads/library/?id=1079214044920568 | https://www.facebook.com/ads/library/?id=966536022487268 | https://www.facebook.com/ads/library/?id=1117671573961502 | https://www.facebook.com/ads/library/?id=1114178547856206 | https://pay.hotmart.com/J96839406U | https://pay.hotmart.com/O105952553L,"Vinil: MXN 197 (~US$10,7); 'Todo por $9.90' MXN. Laser: não verificado.",4 (vinil/Cricut); 12 (laser/MDF),"181 (Diseño MX, vinil); Angelyc's 139,7 ou mais; laser 7,4",53,'archivos de corte cricut' = 15; 'archivos para corte láser' = 126; BR 'arquivos de corte' = 353,Laser: saturada nas duas línguas. Vinil: não verificado.,Quantidade e prova social (vinil); promessa de ganho e produto (laser).,"Angelyc's Workshop tem 53 anúncios ('+7818 Personas compraron'). Envinil tem 5 anúncios há 46,5 d. No laser, Paquete De Diseños tem 32–33 anúncios em ondas e CreatiMía tem 8. No BR, Biblioteca do Corte tem 18. Fundida com a antiga L21 (arquivos de corte a laser/MDF).",E1 (a Angelyc é uma marca de expert com cursos). E4 e PI prováveis. E2 ('Pon tu máquina a trabajar'). Público restrito a quem tem plotter ou máquina de corte.,fase1_meta_kits; brasil_espelho,sim (E5),"Uma biblioteca original de +2.100 arquivos de corte não sai em 14 dias: o DXF de laser precisa de encaixe por espessura e teste em máquina, e a IA não resolve isso. O que se vê no mercado são compilações PLR com risco de PI (E4). O E1 da Angelyc vale só para um anunciante.",https://www.facebook.com/ads/library/?active_status=active&ad_type=all&country=MX&q=archivos%20de%20corte%20cricut&search_type=keyword_unordered | https://www.facebook.com/ads/library/?active_status=active&ad_type=all&country=MX&q=archivos%20para%20corte%20l%C3%A1ser&search_type=keyword_unordered | https://www.facebook.com/ads/library/?active_status=active&ad_type=all&country=MX&q=arquivos%20de%20corte&search_type=keyword_unordered
L22,"Pack sazonal 'o que vender nesta data' (Día de la Madre, Halloween, Navidad)",Kit sazonal para vender,"Designs e lembrancinhas prontas por data comercial, renovados a cada data.","AR, PE, CO, MX, US; BR",https://www.facebook.com/ads/library/?id=1050530871372346 | https://www.facebook.com/ads/library/?id=1362605046086805 | https://www.facebook.com/ads/library/?id=1632288341805543 | https://www.facebook.com/ads/library/?id=1523685253249472 | https://www.facebook.com/ads/library/?id=1110358568012679 | https://pay.hotmart.com/B105630358A,US$6 (Kit Muestra de Fin de Año),7,"8,7 (PP Studio); Navidad Creativa 33,4, mas o anúncio antigo é de curso","47 (Navidad Creativa, mistura com curso)",'navidad para vender diseños' = 270,Média nas duas línguas.,O que vender na data,"PP Studio tem 11 anúncios ('Quien se adelanta, vende con más tiempo'). Navidad Creativa (COP) tem 47. No BR, Flor de Cactos anuncia 'Arquivos Prontos pra Vender'.",E2 moderada. E1 parcial. Sazonal.,fase1_meta_kits; brasil_espelho,não,"Sobrevive: um kit de moldes e designs por data (cajitas, tags, toppers) com licença para produzir é demonstrável na tela. O ângulo 'Quien se adelanta, vende con más tiempo' não cita valor. O E1 parcial vale só para a Navidad Creativa, que vende curso. É sazonal (a janela de Navidad abre agora) e se sobrepõe a L16 e L19.",https://www.facebook.com/ads/library/?active_status=active&ad_type=all&country=MX&q=navidad%20para%20vender%20dise%C3%B1os&search_type=keyword_unordered
L23,"Mega pack de moldes de feltro e goma EVA/foamy (800 a 2.500 PDF), com variante natalina",Pack de moldes para artesanato,"Moldes em PDF para feltro e EVA (flores, personagens, datas), para a artesã vender ou para a professora usar em sala. Variante sazonal: moldes e padrões de Natal (feltro, EVA, crochê, porta-copos) para produzir e vender no fim do ano.","PE, BO, CO, MX, CL, US",https://www.facebook.com/ads/library/?id=1862851984699832 | https://www.facebook.com/ads/library/?id=1975741066445753 | https://www.facebook.com/ads/library/?id=2199268927598296 | https://www.facebook.com/ads/library/?id=1091211326713642 | https://kitmoldeseva.site/ | https://hotmart.com/es/marketplace/productos/megapack-moldes-foamy-2023/F80990841T | https://www.facebook.com/ads/library/?id=4658212711078060 | https://www.facebook.com/ads/library/?id=1121049337157661 | https://www.facebook.com/ads/library/?id=1432152345461217 | https://hotmart.com/es/marketplace/productos/super-pack-500-moldes-navidenos/L102688129M | https://hotmart.com/es/marketplace/productos/pack-de-dibujos-y-letras-de-navidad/M102382855E,"US$2,7–3,99 (S/10–12,90; 19 Bs); CLP 3.000–7.000; natalinos não verificado","5 (feltro/EVA); natalinos não verificado (3 ou mais páginas citadas: Aprende en casa, Tejidos y Crochet, Cleo Cursos)","5,4 (limite inferior; páginas com 50+ anúncios); natalinos não verificado",212 (Aprende en casa),'moldes goma eva' = 62; natalinos não verificado,"ES: alta, pelo volume de anúncios.","Quantidade e preço, com renda ou uso; no Natal, 'hacer y vender'.",Aprende en casa tem 212 anúncios ativos ('+800 Moldes Fieltro'). Cinco páginas rodam a mesma oferta '+2000 moldes'. Os ângulos alternam entre 'para vender' e 'para tu aula'. O sinal natalino já aparece em setembro. Cleo Cursos anuncia '20 PATRONES DE POSAVASOS + BONO DE NAVIDAD'. Há vários packs natalinos na Hotmart. Fundida com a antiga L24 (moldes natalinos).,E4 e PI prováveis. E2 moderada. Demonstração em tela fraca. A variante natalina é sazonal e longe do DNA de ferramenta.,fase1_meta_kits; meta_artesanato_recetas_proveedores_templates_ES; demanda,sim (E5),"Não dá para produzir sozinho, em 14 dias, 800 a 2.500 moldes originais de feltro e EVA com peças separadas; a IA não faz isso de forma confiável. A mesma oferta '+2000 moldes' roda em 5 páginas, o que indica PLR revendido com risco de PI (E4). Parte do público é a professora, que usa em sala.",https://www.facebook.com/ads/library/?active_status=active&ad_type=all&country=MX&q=moldes%20goma%20eva&search_type=keyword_unordered
L25,"Pack de moldes de costura em PDF (feminino, infantil, pet, bolsas)",Moldes de costura,De 200 a 1.500 moldes em tamanho real por download. Há um ângulo emocional ('Osito de la Memoria').,"CO, CL, PE, MX, CR, US",https://www.facebook.com/ads/library/?id=909768015290442 | https://www.facebook.com/ads/library/?id=2471122273412389 | https://www.facebook.com/ads/library/?id=1088854613831124 | https://www.facebook.com/ads/library/?id=2813161522391035 | https://pay.hotmart.com/X61954338R | https://pay.hotmart.com/K105391759T,"CLP 3.000 (~US$3,2); US$4–19,99 (Hotmart US$6,90, 9,90, 14,99)",7,"26,3 (Alma Costurera)",153,'moldes de costura' = 873; 'moldes de ropa' = 508,"ES: alta, pelo volume.","Produto ('200+ patrones', 'DESCARGAR')",Entre Mujeres tem 153 anúncios ativos. 1500 Moldes de Costura tem 113. Os lotes são criados a cada 1–2 dias. A Hotmart tem 9 produtos.,E4 e PI (packs compilados). E5 (moldes graduados próprios são difíceis de fazer). E1 se vier com curso.,meta_artesanato_recetas_proveedores_templates_ES; fase1_hotmart_es,sim (E5),"Moldes de costura graduados em tamanho real exigem modelagem técnica. Uma biblioteca original de 200 a 1.500 moldes não sai em 14 dias, e os packs observados são compilações com risco de PI e PLR repetido (E4).",https://www.facebook.com/ads/library/?active_status=active&ad_type=all&country=MX&q=moldes%20de%20costura&search_type=keyword_unordered | https://www.facebook.com/ads/library/?active_status=active&ad_type=all&country=MX&q=moldes%20de%20ropa&search_type=keyword_unordered
L26,Pack de patrones de crochê/amigurumi em espanhol (+1.000 PDF),Artesanato em PDF (crochê),Patrones verificados em espanhol com bônus. Uma variante vende em formato app por assinatura.,"CL, CO, MX, GT, PE, US; operadores BRL",https://www.facebook.com/ads/library/?id=1447476493893273 | https://www.facebook.com/ads/library/?id=1427378629334609 | https://www.facebook.com/ads/library/?id=1432152345461217 | https://www.facebook.com/ads/library/?id=1837920730745406 | https://hotmart.com/es/marketplace/productos/1-000-patrones-de-amigurumis/F100091725Q | https://pay.hotmart.com/H99738190G,"US$9,90–20 (Hotmart); Q40 (~US$5,2); app US$1/mês",8,"0,5 (todos rotam criativos)",9,'amigurumi patrones' = 339–353; 'patrones crochet pdf' = 202,ES: alta.,Produto e prova social; parte vende renda,Hoshihana anuncia '+6.000 Patrones'. Giulia Moretti mostra '+2.632 reseñas'. Um ângulo bom é o PDF contra o vídeo ('con las manos ocupadas'). A Hotmart tem 9 produtos.,E4 e PI prováveis. E2 parcial.,meta_artesanato_recetas_proveedores_templates_ES; fase1_hotmart_es,sim (E5),"Cada padrão de amigurumi precisa ser desenhado e testado à mão. A IA gera padrões quebrados, então +1.000 padrões originais em 14 dias é inviável. Os packs observados traduzem ou compilam autores terceiros (PI/E4), e boa parte do público é hobby, de uso próprio.",https://www.facebook.com/ads/library/?active_status=active&ad_type=all&country=MX&q=amigurumi%20patrones&search_type=keyword_unordered | https://www.facebook.com/ads/library/?active_status=active&ad_type=all&country=MX&q=patrones%20crochet%20pdf&search_type=keyword_unordered
L27,Receitas de sobremesas para vender com custo calculado (inclui receituário sazonal de Natal e conservas),Receitas para vender,"Ebook de mini postres, postres en vaso, tiramisú coreano e paletas, com custo por porção e preço sugerido. Variante sazonal: receitas de Natal ou conservas para produzir e vender, com planilha de custos e preços.","MX, CO, AR, PE, CL, BO, US",https://www.facebook.com/ads/library/?id=1418570293571960 | https://www.facebook.com/ads/library/?id=2132493034287794 | https://www.facebook.com/ads/library/?id=28954269907510218 | https://www.facebook.com/ads/library/?id=1403402902003047 | https://hotmart.com/es/marketplace/productos/100-recetas-de-postres-rentables-para-emprender-desde-casa/T103881974V | https://pay.hotmart.com/K105541910U | https://www.facebook.com/ads/library/?id=1392173199187558 | https://www.facebook.com/ads/library/?id=1410450964376310 | https://www.facebook.com/ads/library/?id=862592030152241,"US$1,4–9 (S/5; CLP 2.500; '100 Recetas por $9 USD'); sazonal não verificado",20 (sobremesas); sazonal: não verificado (3 páginas citadas),"7,5; sazonal não verificado",32,'postres para vender' = 977–1.120; 'recetas para vender' = 3.042; sazonal não verificado,ES: saturada.,"Ebook, com ângulo de vender em casa; no sazonal, negócio de fim de ano.","Chef Eli tem 32 anúncios, em teste de criativos. É a concorrência mais densa desta fase. O modelo 'Primero recibes y luego pagas' é dominante. No sazonal, o sinal é fraco: 'El Sabor de la Nochebuena' teve 4 anúncios em dez/2025; Academia Dulce Emprende e Chef Camila (conservas) anunciam hoje. Fundida com a antiga L28 (receituário sazonal).",E3 no modelo de pagar depois pelo WhatsApp. E2 moderada. E1 parcial. A variante sazonal tem pouca diferenciação.,meta_artesanato_recetas_proveedores_templates_ES; fase1_hotmart_es; demanda,não,"Ebook PDF sem custo marginal e sem expert gravando. Dá para anunciar com honestidade mostrando as sobremesas e a ficha de custo e preço por porção, sem 'gana $X'. O risco E2 é moderado porque o nicho abusa de promessa de renda (Meta MÉDIO). O 'paga depois pelo WhatsApp' é modelo de venda opcional, então E3 não se aplica na Hotmart.",https://www.facebook.com/ads/library/?active_status=active&ad_type=all&country=MX&q=postres%20para%20vender&search_type=keyword_unordered | https://www.facebook.com/ads/library/?active_status=active&ad_type=all&country=MX&q=recetas%20para%20vender&search_type=keyword_unordered
L29,"Calculadora de custos e preços para quem vende em casa (confeitaria, restaurante, artesanato)",Ferramenta (planilha ou web app),"A pessoa digita ingredientes e margem e recebe custo unitário, preço e lucro. Pode ser dividida por nicho.","US hispano, CO, MX, PE",https://www.facebook.com/ads/library/?id=1057383214053948 | https://www.facebook.com/ads/library/?id=2972385876428289 | https://www.facebook.com/ads/library/?id=2195610874318293 | https://www.facebook.com/ads/library/?id=1089104103530989 | https://pay.hotmart.com/N99160088C | https://pay.hotmart.com/P83579553T,US$5–10 (Hotmart); S/19 (~US$5); GastroKit US$57 (bundle),5,"17,3 (Excel para Restaurantes Perú)",15,'calculadora de precios emprendedores' = 35,"ES: pouca concorrência, nicho pequeno.","Ferramenta e alívio de dor, sem promessa de renda.",Latinas Together tem 13 anúncios com ângulos de dor ('Deja de cobrar con miedo'). Excel para Restaurantes tem 15. A Hotmart tem 10 ou mais listagens.,Nenhuma forte. E5 ok.,meta_artesanato_recetas_proveedores_templates_ES; fase1_hotmart_es,não,"Ferramenta que se demonstra por gravação de tela. O anúncio observado usa dor ('deja de cobrar con miedo'), sem promessa de renda. Custo zero por venda, e o Lovable monta em poucos dias. Está no escopo porque serve quem produz e vende em casa; melhor priorizar confeitaria e artesanato, não restaurante estabelecido.",https://www.facebook.com/ads/library/?active_status=active&ad_type=all&country=MX&q=calculadora%20de%20precios%20emprendedores&search_type=keyword_unordered
L30,"Receituário de velas, sabonetes e aromas artesanais (difusores, home spray) com calculadora e fornecedores",Artesanato em PDF,"Megaebook de velas de soja, sabonetes e bath bombs, ou guia para criar a própria linha de aromas (fórmulas, custos, embalagem e marca), com calculadora de preço, rótulos e lista de fornecedores.","CO, MX, AR, CL, UY, US",https://www.facebook.com/ads/library/?id=948666801622176 | https://www.facebook.com/ads/library/?id=28335327712804234 | https://www.facebook.com/ads/library/?id=904126129231495 | https://hotmart.com/es/marketplace/productos/hagsxd-megaebook-velas-y-jabones-artesanales-aroma-y-glow-kscxu/V100266138S | https://pay.hotmart.com/J99674018O | https://pay.hotmart.com/H98036488O | https://www.facebook.com/ads/library/?id=1347787477182417 | https://www.facebook.com/ads/library/?id=1653911773135551 | https://www.facebook.com/ads/library/?id=2045314379433998 | https://www.facebook.com/ads/library/?id=1103514262136711 | https://hotmart.com/es/marketplace/productos/aromas-artesanales-pro/R97302961W | https://hotmart.com/es/marketplace/productos/difusores-de-aromas/C101383420C,"US$5,99–15 (Hotmart); MXN 99; curso US$148; aromas não verificado",6 (velas e sabonetes); 4 (aromas),"3,8 (velas); 0,9 (aromas)",33 (produto incerto); 14 nos aromas,'velas artesanales' = 1.691; 'jabones artesanales' = 1.236; 'velas artesanales emprender' = 253; aromas sem busca dedicada (achado lateral),ES: dominada por cursos.,"Renda em casa, margem e prova social","Ana Moraes mostra '2,178 reseñas'. Richard Delgado tem 33 anúncios multilíngues, com produto incerto. A Hotmart tem 11 produtos, a maioria curso. Nos aromas, Florencia Moreira tem 14 anúncios, 'Método Aroma Queen' e '739 Reseñas', com ângulos variados ('Cuesta un delivery. Se vende caro'). Fundida com a antiga L31 (linha de aromas).",E1 forte no território. E2 moderada.,meta_artesanato_recetas_proveedores_templates_ES; fase1_hotmart_es,não,"Do jeito descrito (megaebook PDF com fórmulas, calculadora, rótulos e fornecedores), não depende de expert gravando e já é vendido a US$6–15. O E1 só atinge os concorrentes que vendem curso (Aroma Queen). Ângulo honesto: mostrar as velas e aromas e as fórmulas prontas. Cuidados: evitar o gancho 'se vende caro'; sabonete com soda precisa de fórmula testada.",https://www.facebook.com/ads/library/?active_status=active&ad_type=all&country=MX&q=velas%20artesanales&search_type=keyword_unordered | https://www.facebook.com/ads/library/?active_status=active&ad_type=all&country=MX&q=jabones%20artesanales&search_type=keyword_unordered | https://www.facebook.com/ads/library/?active_status=active&ad_type=all&country=MX&q=velas%20artesanales%20emprender&search_type=keyword_unordered
L32,"Kit de designs, etiquetas e posts para revendedoras de catálogo (Natura, Ésika, Yanbal)",Kit de marca para microrrevendedora,"Centenas de artes editáveis (etiquetas, cartões, posts, embalagem) com o nome da revendedora.",US em USD; país-alvo não verificado,https://www.facebook.com/ads/library/?id=2156814638591939 | https://www.facebook.com/ads/library/?id=1107576018528128 | https://www.facebook.com/ads/library/?id=28424810203849809 | https://www.facebook.com/ads/library/?id=1809879140010178,não verificado,3,"0,3 (lançamento)",10 (68 com oferta incerta),'diseños para revendedoras' = 177 (ruído); 'plantillas para revendedoras' = 2,ES pouco explorada.,Produto para um público específico,"Sello Propio lançou 10 variações hoje ('360 Diseños - Revendedoras Natura'). Lola Detalles tem 68 anúncios, com oferta incerta.",Risco de marca registrada. Evidência de longevidade fraca.,fase1_meta_kits; meta_artesanato_recetas_proveedores_templates_ES,não,"Kit de templates editáveis com custo zero, que se demonstra na tela sem prometer renda. Há dois riscos fora das E1–E5. Primeiro, citar Natura, Ésika ou Yanbal no produto ou no anúncio (personificação de marca na Meta); usar 'para revendedoras de catálogo', sem logos. Segundo, o público vem de venda direta, em parte multinível.",https://www.facebook.com/ads/library/?active_status=active&ad_type=all&country=MX&q=dise%C3%B1os%20para%20revendedoras&search_type=keyword_unordered | https://www.facebook.com/ads/library/?active_status=active&ad_type=all&country=MX&q=plantillas%20para%20revendedoras&search_type=keyword_unordered
L33,"Pack de templates Canva para empreendedoras (posts, lista de preços, catálogo WhatsApp)",Templates para pequenos negócios,"Centenas de templates para redes sociais, lista de preços e catálogo, prontos para o negócio da compradora.","MX, CO, AR, CL, PE, UY",https://pay.hotmart.com/K103856475B | https://pay.hotmart.com/K102983255Y | https://pay.hotmart.com/L105358969Y | https://pay.hotmart.com/Y105449623O,US$5–11,6,"4,2",12,'plantillas editables' = 1.635; 'plantillas canva para emprendedoras' = 77,ES saturada.,Ferramenta,"A Hotmart tem ~15 produtos. Bendiciones creativas tem 55 anúncios, com produto incerto; a mesma página aparece na busca 'escuela dominical' (ver L57).",E4 parcial (InstaPremium vende direito de revenda). Saturado.,fase1_hotmart_es,não,"Pack de templates é entregável pronto, com custo zero e anúncio de ferramenta. O E4 observado vem de um só concorrente que vende direito de revenda; basta não vender MRR. Saturação fica para a Fase 3. Ângulo duplo: usar no próprio pequeno negócio e prestar serviço de design a terceiros.",https://www.facebook.com/ads/library/?active_status=active&ad_type=all&country=MX&q=plantillas%20editables&search_type=keyword_unordered | https://www.facebook.com/ads/library/?active_status=active&ad_type=all&country=MX&q=plantillas%20canva%20para%20emprendedoras&search_type=keyword_unordered
L34,"Posts prontos no Canva por nicho profissional (psicóloga, nutricionista, veterinária)",Pack editável B2B,"Posts, stories e folders editáveis para uma profissão específica.",BR; ES só com ferramentas clínicas,https://www.facebook.com/ads/library/?id=1597858968452709 | https://www.facebook.com/ads/library/?id=2112279149415390 | https://www.facebook.com/ads/library/?id=1787972685872438,"BR R$59,90",5,"10,3 (BR)",14,BR 'pack canva' = 1.265; ES 'plantillas para psicólogos' = 43,ES pouco explorada.,Economia de tempo,"Pack Canva Para Você tem 14 anúncios. Na ES, os anunciantes vendem ferramentas clínicas, não posts (esse cluster está no L62).",E2 leve. Pouco impulso. Validação BR fraca.,brasil_espelho,sim (E0),"Posts para a psicóloga ou nutricionista divulgar o próprio consultório são recurso para a própria clínica, fora do nicho renda extra. Não foi observado ângulo de revenda nem de serviço.",https://www.facebook.com/ads/library/?active_status=active&ad_type=all&country=MX&q=pack%20canva&search_type=keyword_unordered | https://www.facebook.com/ads/library/?active_status=active&ad_type=all&country=MX&q=plantillas%20para%20psic%C3%B3logos&search_type=keyword_unordered
L35,"Diretório de fornecedores de nicho (extensões, limpeza, atacado)",Diretório,PDF ou planilha com fornecedores verificados de um nicho.,"US, MX, CL",https://www.facebook.com/ads/library/?id=1409222934466487 | https://www.facebook.com/ads/library/?id=1117082450653946 | https://www.facebook.com/ads/library/?id=28633064256323286 | https://hotmart.com/pt-br/marketplace/produtos/lista-completa-secreta-de-fornecedores/C83336741X,não verificado,3,"3,5",5,'directorio de proveedores' = 116; 'proveedores China' = 1.508,Forte só em PT-BR (Hotmart).,Margem e acesso,O sinal é fraco em ES. 'proveedores China' é dominado por cursos de importação.,E2 forte. E3 (manutenção da lista). E1 no caminho de importação.,meta_artesanato_recetas_proveedores_templates_ES,sim (E2),"Uma lista de fornecedores só vale pela margem de revenda ('compra barato, revende caro'). Não há o que demonstrar na tela para gerar compra por impulso sem prometer ganho. Risco ALTO na Meta e na Hotmart (compilação de informação pública conta como baixo valor), e a lista desatualiza e gera reembolso.",https://www.facebook.com/ads/library/?active_status=active&ad_type=all&country=MX&q=directorio%20de%20proveedores&search_type=keyword_unordered | https://www.facebook.com/ads/library/?active_status=active&ad_type=all&country=MX&q=proveedores%20China&search_type=keyword_unordered
L36,Kit de menu digital QR para revender a restaurantes,Kit de revenda B2B (ferramenta),Cardápio web com QR e pedidos pelo WhatsApp. O comprador instala em restaurantes e cobra instalação ou mensalidade.,"MX, AR, CO, PE",https://www.facebook.com/ads/library/?id=2161817697787903 | https://www.facebook.com/ads/library/?id=1834916980858375 | https://www.facebook.com/ads/library/?id=1467921485204409 | https://hotmart.com/es/marketplace/productos/menu-app-qr-para-restaurantes/D64832885T | https://hotmart.com/es/marketplace/productos/carta-virtual/V68221977S,"US$6,99 (LX Diseño Web); MXN 1.500 pagamento único",12 (majoritariamente SaaS ou agências),não verificado,3,'menú digital QR' = 169,não verificado,O SaaS vende a ferramenta; o kit venderia ganho.,Os anunciantes são quase todos SaaS B2B. A Hotmart tem pelo menos 3 kits.,E2 (o revendedor só compra pela renda). E3 (suporte ao restaurante).,fase1_meta_servicos,sim (E2),"O revendedor só compra pela renda de cobrar instalação ou mensalidade de restaurantes; a Fase 1 registrou que 'o SaaS vende a ferramenta; o kit venderia ganho'. O anúncio honesto de ferramenta atrai o dono do restaurante (uso próprio), não o revendedor. Ainda exige suporte contínuo a terceiros.",https://www.facebook.com/ads/library/?active_status=active&ad_type=all&country=MX&q=men%C3%BA%20digital%20QR&search_type=keyword_unordered
L37,Cartão digital de fidelidade ou de visita para revender a pequenos negócios,Ferramenta/kit de revenda B2B,"Cartão digital de pontos, cupons ou cashback que o comprador configura para salões e cafés e cobra por negócio.","CO, MX, PE",https://www.facebook.com/ads/library/?id=3985839308219013 | https://www.facebook.com/ads/library/?id=2045164033029052 | https://pay.hotmart.com/A70446027R,GW Loyalty MXN 999/mês (SaaS); kit não verificado,5,"61,9 (Educacion nexus, página multi-oferta)",24,'tarjeta digital de cumpleaños' = 66 (ruído),não verificado,Ferramenta e ganho,"Educacion nexus tem 24 anúncios e testa várias ofertas. Há SaaS concorrentes (VAOZ, Vol Loyalty).",E2. E3 (suporte B2B).,fase1_meta_servicos,sim (E2),"Kit de revenda B2B: a compra só se justifica pela renda de cobrar de salões e cafés (anúncio observado: 'ferramenta e ganho'), contra SaaS já estabelecidos. Além disso, um sistema de pontos ativo em cada comércio traz operação e suporte contínuos (E3).",https://www.facebook.com/ads/library/?active_status=active&ad_type=all&country=MX&q=tarjeta%20digital%20de%20cumplea%C3%B1os&search_type=keyword_unordered
L38,Canção personalizada com IA (formulário vira música com nome e história),Produto personalizado B2C (IA),"Nome, ocasião, gênero musical e história viram um MP3 em minutos. Bumps: vídeo com letra, segundo gênero, PDF.","CO, MX, CL, AR, US; BR",https://www.facebook.com/ads/library/?id=1309304448042711 | https://www.facebook.com/ads/library/?id=2430569147437021 | https://www.facebook.com/ads/library/?id=1652343506902718 | https://www.facebook.com/ads/library/?id=1111863218428916 | https://cancioname.com/ | https://www.cantale.mx/,"US$15–39 (MX$279; Songoven US$20; GiftSong US$35); BR R$5,99–29,90",18,101 (Cántale MX),157,'canción personalizada' = 4.003–4.235; 'canciones con IA' = 205; BR 'música personalizada' = 3.333,Saturada nas duas línguas.,Presente emocional,"Diego Hernandez tem 151 anúncios. Alimenta tu Vida tem 157, no modelo de pagar depois. DedicatieMuzicala tem 34 anúncios multilíngues.",E3 (custo de API e atendimento humano). Risco de licença Suno/Udio. E1 nos cursos de 'vender canciones con IA' (registrados no L65).,fase1_meta_servicos; brasil_espelho,sim (E0),"Canção de presente é produto B2C de uso próprio, fora do nicho renda extra; a versão de renda ('vender canciones con IA') é curso (L65, E1). Custo anotado: cerca de US$0,05–0,20 por música via API não oficial do Suno, com risco de licença e atendimento para ajustar a letra (E3 parcial).",https://www.facebook.com/ads/library/?active_status=active&ad_type=all&country=MX&q=canci%C3%B3n%20personalizada&search_type=keyword_unordered | https://www.facebook.com/ads/library/?active_status=active&ad_type=all&country=MX&q=canciones%20con%20IA&search_type=keyword_unordered | https://www.facebook.com/ads/library/?active_status=active&ad_type=all&country=MX&q=m%C3%BAsica%20personalizada&search_type=keyword_unordered
L39,Livro/conto infantil personalizado com IA (digital e instantâneo),Presente personalizado (IA),"Nome e foto viram um conto ilustrado (PDF, flipbook ou vídeo) com a criança como protagonista. Bumps: narração, segundo conto, versão para impressão.","US, BR; ES: MX, UY, CO, PE",https://www.facebook.com/ads/library/?id=1756985529330960 | https://www.facebook.com/ads/library/?id=1095623402814655 | https://www.facebook.com/ads/library/?id=1360738943787467 | https://www.facebook.com/ads/library/?id=1105655501880438 | https://www.facebook.com/ads/library/?id=1376815594637808 | https://cuentoconlaia.com/,"3,99€ (cuentoconlaia); R$29,90 (ImaginaCuentos); €6,99",17,"75,6 (BR); ES 60 (MiBook, provável físico)",416 (Tell My Tale),'cuento personalizado' = 1.240–1.339 (ruído); ES 'libro personalizado' niño protagonista = 15; BR 'livro personalizado' = 888; US 'personalized storybook' = 675,ES média: o digital instantâneo low ticket é pouco visto.,Emoção ('Él será uno de ellos'),"Tell My Tale tem 416 anúncios, mas 0 em MX/CO/AR/CL/PE. No BR, Sua Historinha tem 95. Mi Cuento Infantil tem 25 anúncios há 43,3 d. Na ES há pelo menos 5 geradores web.",E3 leve (custo de imagem). E5 moderada (consistência do personagem). PI com personagens.,fase1_meta_servicos; brasil_espelho; fase1_global,sim (E0),"Conto com a criança como protagonista é material para o próprio filho ou presente, fora do escopo. Custo anotado: 12–15 ilustrações com personagem consistente, cerca de US$0,40–0,80 por pedido, mais TTS de centavos. Cabe no ticket, mas refazer imagens e manter o personagem consistente pesam em E5.",https://www.facebook.com/ads/library/?active_status=active&ad_type=all&country=MX&q=cuento%20personalizado&search_type=keyword_unordered | https://www.facebook.com/ads/library/?active_status=active&ad_type=all&country=MX&q=libro%20personalizado&search_type=keyword_unordered | https://www.facebook.com/ads/library/?active_status=active&ad_type=all&country=MX&q=livro%20personalizado&search_type=keyword_unordered
L40,"Sessão de fotos com IA a partir de selfies (aniversário, formatura, XV)",Serviço automatizado por IA,De 3 a 10 selfies viram de 10 a 40 fotos temáticas com cara de estúdio.,"MX, CO, PE, AR, US (muitos operadores BR)",https://www.facebook.com/ads/library/?id=2336463247095806 | https://www.facebook.com/ads/library/?id=1097273206598018 | https://www.facebook.com/ads/library/?id=1238647358439864 | https://www.facebook.com/ads/library/?id=1579086490354447 | https://aiselfi.es/sesion-de-fotos-con-ia | https://www.fotosconia.ai/,"US$29–39 (AI Selfi); BR a partir de R$10,90",16,"9,8",54,'sesión de fotos con IA' = 414–424; BR 'ensaio com IA' = 3.162,"Saturada, com a arbitragem PT→ES em curso.",Produto e resultado,"No BR, Marcos Studio IA tem 54 anúncios. Na ES, 10 ou mais anunciantes cobram em BRL. A onda é recente.",E3 (WhatsApp e API). Substituível pelo Gemini grátis. E4 (PLR).,fase1_meta_servicos; brasil_espelho,sim (E0),"Ensaio com IA a partir das próprias selfies é serviço B2C de uso próprio, fora do escopo. Também custa: 20–40 imagens preservando o rosto dão cerca de US$0,8–1,6 por pedido, mais refações e revisão manual (E3 limítrofe num ticket de US$5–10). O Gemini grátis substitui, e a versão renda extra no mercado é PLR (E4).",https://www.facebook.com/ads/library/?active_status=active&ad_type=all&country=MX&q=sesi%C3%B3n%20de%20fotos%20con%20IA&search_type=keyword_unordered | https://www.facebook.com/ads/library/?active_status=active&ad_type=all&country=MX&q=ensaio%20com%20IA&search_type=keyword_unordered
L41,"Arte com IA para quadros decorativos, pronta para imprimir",Pack de arte IA,"Pack de imagens em alta resolução por estilo, com opção de imagem sob medida.",MX,https://www.facebook.com/ads/library/?id=584841497159973 | https://www.facebook.com/ads/library/?id=899915708069358,"MXN 29 (~US$1,6); sob medida desde MXN 99",1,991 (Neurartica; pode ser anúncio esquecido),8,achado lateral ('mensaje de Santa Claus' = 24),não verificado,Produto,"Há um único anunciante longevo, com 8 anúncios.",E2 se vendido como revenda. Escala baixa.,fase1_meta_servicos,sim (E0),"O pack de arte IA é para a pessoa decorar a própria casa. O único anunciante vende quadro para uso próprio, e o 'sob medida desde MXN 99' ainda exige atendimento por pedido (E3 secundária). Não há ângulo de renda extra na forma observada.",https://www.facebook.com/ads/library/?active_status=active&ad_type=all&country=MX&q=mensaje%20de%20Santa%20Claus&search_type=keyword_unordered
L42,Desenho ou caricatura a partir de foto (pessoa ou casal) com IA,Produto personalizado B2C,"Foto vira cartoon, aquarela ou pop art em minutos. Bump: versão para caneca ou impressão.","CO, MX, CL, PE",https://www.facebook.com/ads/library/?id=1113283544981176 | https://www.facebook.com/ads/library/?id=2202083827390612 | https://www.facebook.com/ads/library/?id=2446503752546737 | https://www.facebook.com/ads/library/?id=1960279147972400,US$10 (El arte del dibujo),6,"18,9 (Tu Caricatura)",4,'caricatura personalizada' = 44,não verificado,Presente e decoração,A demanda comprovada é majoritariamente física. A demanda pela versão digital pura não foi verificada.,E3 se o desenho for feito por artista humano.,fase1_meta_servicos,sim (E0),"É presente B2C: a pessoa compra a caricatura de si ou do casal para dar. A demanda comprovada é física (caneca, impressão), o que traz E3. A versão digital custa centavos de API (~US$0,02–0,05 por imagem), mas continua sendo de uso próprio.",https://www.facebook.com/ads/library/?active_status=active&ad_type=all&country=MX&q=caricatura%20personalizada&search_type=keyword_unordered
L43,Retrato de pet com IA (digital e instantâneo),Presente personalizado (IA),"Foto do pet vira retratos em vários estilos (renascentista, aquarela, memorial).",US; na ES só artesãos,https://www.facebook.com/ads/library/?id=1651371953077138 | https://www.facebook.com/ads/library/?id=3235304540008955 | https://www.facebook.com/ads/library/?id=2264545904295079 | https://www.facebook.com/ads/library/?id=2750914958662858,US: não verificado; artesanal ES MXN 650,14 (a maioria POD físico),"2,4",6,US 'pet portrait' = 4.708; 'retrato mascota' = 201; 'retrato de tu mascota' = 177,ES: o digital não chegou.,Transformação da foto,Nos EUA o digital é novo: Pawnted tem 6 anúncios e Wag'n'Tails 5. Na ES não há oferta digital.,E3 baixa. Estilo genérico.,fase1_global; fase1_meta_servicos,sim (E0),"É presente ou memorial do próprio pet, um produto B2C de uso próprio. O custo de IA (~US$0,02–0,05 por estilo) não elimina, mas a ideia está fora do escopo de renda extra.",https://www.facebook.com/ads/library/?active_status=active&ad_type=all&country=MX&q=pet%20portrait&search_type=keyword_unordered | https://www.facebook.com/ads/library/?active_status=active&ad_type=all&country=MX&q=retrato%20mascota&search_type=keyword_unordered | https://www.facebook.com/ads/library/?active_status=active&ad_type=all&country=MX&q=retrato%20de%20tu%20mascota&search_type=keyword_unordered
L44,CV/currículum pronto (templates e gerador com IA),Entregável pronto,"CV em espanhol com textos prontos por profissão. Bumps: carta de apresentação, perfil de LinkedIn.","PE, AR, MX",https://www.facebook.com/ads/library/?id=1731701878026959 | https://www.facebook.com/ads/library/?id=1547192227425638,ARS 10.000 (serviço manual),6,"101,3 (CV perfecto)",2,'plantillas de currículum' = 26,não verificado,Produto ou serviço,A demanda na Meta é fraca.,E3 se for manual. DNA fraco.,fase1_meta_servicos,sim (E0),"O CV é para a própria busca de emprego, não para produzir ou revender. A oferta observada é serviço manual (ARS 10.000), o que também cairia em E3.",https://www.facebook.com/ads/library/?active_status=active&ad_type=all&country=MX&q=plantillas%20de%20curr%C3%ADculum&search_type=keyword_unordered
L45,Vídeo personalizado do Papai Noel (Santa Claus),Presente personalizado sazonal,O Papai Noel fala o nome da criança e mostra a foto dela. Feito com template e voz IA.,BR validado; ES não verificado,https://www.facebook.com/ads/library/?id=2366097457137335 | https://www.facebook.com/ads/library/?id=1572262080463213,não verificado,4,"275,3 (status ACTIVE desde o Natal 2025)",24,BR = 39; ES 'video personalizado de Santa Claus' = 0,ES não verificada (fora de temporada).,Reação da criança,Recado do Noel tem 24 anúncios. Recadinho do Noel usa '10 Mil Pais Já Confiaram'.,Sazonal (nov–dez). E5 moderada.,brasil_espelho,sim (E0),"Os pais compram o vídeo do Noel para o próprio filho, com ângulo de reação da criança. É presente de uso próprio, sem ângulo de renda. O custo (voz TTS e render Remotion, centavos) e o MVP seriam viáveis.",https://www.facebook.com/ads/library/?active_status=active&ad_type=all&country=MX&q=video%20personalizado%20de%20Santa%20Claus&search_type=keyword_unordered
L46,Molduras editáveis para photobooth,Pack B2B,Mais de 500 molduras editáveis para operadores de cabine de fotos.,BR; na ES 1 anunciante BR,https://www.facebook.com/ads/library/?id=4627474187578843 | https://www.facebook.com/ads/library/?id=1710483000052810,não verificado,2,"7,8",9,ES 'marcos para photobooth' = 7,ES pouco explorada.,Ganho,Cabine Lucrativa tem 9 anúncios.,E2 parcial. Nicho pequeno.,brasil_espelho,não,"Sobrevive. É um pack B2B para operador de cabine, que usa as molduras para prestar o serviço (dentro do escopo). Existe ângulo honesto de produto: 'marcos editables para XV, bodas, bautizos, cambia nombre y fecha en 2 min'. Não tem custo marginal e o MVP é trivial. Evitar o ângulo 'Cabine Lucrativa' (ganho), porque aspirante sem cabine cai em E2. O nicho pequeno fica para a Fase 3.",https://www.facebook.com/ads/library/?active_status=active&ad_type=all&country=MX&q=marcos%20para%20photobooth&search_type=keyword_unordered
L47,Projetos prontos de serralheria e marcenaria,Pack digital,"Milhares de planos (portões, grades, móveis) para o profissional.","MX, CO (operadores BR)",https://www.facebook.com/ads/library/?id=1768623144465990 | https://www.facebook.com/ads/library/?id=1702414391440779 | https://www.facebook.com/ads/library/?id=1422614836733650,US$5–6; COP 10.000,5,"0,4",3,'proyectos de herrería' = 716 (ruído),Média.,Ganho e produtividade,Há anunciantes em BRL vendendo em ES.,E2. E4 (PLR).,brasil_espelho,sim (E5),"O valor está em 'milhares de planos' técnicos com medidas. O usuário, solo e sem domínio de serralheria ou CAD, não produz isso em 14 dias. Na prática esses packs são PLR ou compilação traduzida de operadores BR (risco de produto repetido ou pirata na Hotmart, perto de E4), com ângulo observado de ganho.",https://www.facebook.com/ads/library/?active_status=active&ad_type=all&country=MX&q=proyectos%20de%20herrer%C3%ADa&search_type=keyword_unordered
L48,Pack PLR/MRR de produtos prontos para revender (incluindo o megapack de mini apps a 6U$D),PLR/MRR (sinalizar E4),"Ebooks, templates, mini apps e SaaS com direito de revenda. O valor está em revender o próprio pacote.","CO, MX, AR, CL, PE",https://www.facebook.com/ads/library/?id=2017628712528069 | https://www.facebook.com/ads/library/?id=4445339285736970 | https://www.facebook.com/ads/library/?id=2130482384464112 | https://www.facebook.com/ads/library/?id=2232442147328123 | https://pay.hotmart.com/G104996546M | https://pay.hotmart.com/P93374740Q,"US$3,99–497 (moda US$6)",8,"144,2 (Crea Y Multiplica Online)",10,'derechos de reventa' = 44,não verificado,Ganho e escassez,"O cluster 6U$D roda em 8 páginas com rotação. Emprende y Gana tem anúncios há 31,7 d.",E4 forte. Parte mistura trading.,fase1_meta_kits; fase1_hotmart_es,sim (E4),"É pacote PLR/MRR cujo valor é revender o próprio pacote. O ângulo é ganho e escassez, parte mistura trading, e a Hotmart proíbe produto repetido ou com revenda livre.",https://www.facebook.com/ads/library/?active_status=active&ad_type=all&country=MX&q=derechos%20de%20reventa&search_type=keyword_unordered
L49,Planilha de orçamento e quitação de dívidas (pagamento único),Ferramenta / planilha,Dashboard de orçamento com método bola de neve e data prevista de quitação.,"US forte; ES: MX, PE, CO, CL, AR, BO",https://www.facebook.com/ads/library/?id=1804776104232069 | https://www.facebook.com/ads/library/?id=1713396137461636 | https://www.facebook.com/ads/library/?id=1099021122635303 | https://www.facebook.com/ads/library/?id=1416818590424154 | https://www.facebook.com/ads/library/?id=1604762814349721 | https://www.facebook.com/ads/library/?id=1583604520109903,"US$9 (US); ES US$3–12,90 (MXN 99)",29,"72,1 (US); ES 15,5",50,US 'budget planner spreadsheet' = 141; 'plantilla excel control de gastos' = 161; 'finanzas personales plantilla' = 88,ES chegando (nenhum player com mais de 30 d).,Ferramenta e alívio,"Ultimate Budget Planner tem 33 anúncios. ReadyExcels tem 50 ou mais. Na ES há ~15 páginas pequenas, várias em BRL.",Nenhuma forte. Fora do nicho 'renda extra'.,fase1_global,sim (E0),A planilha de orçamento e dívidas é de uso pessoal (o próprio Fase 1 marcou 'fora do nicho'). O gancho de dívida ainda esbarra na política da Meta de atributos pessoais ('¿estás endeudado?').,https://www.facebook.com/ads/library/?active_status=active&ad_type=all&country=MX&q=budget%20planner%20spreadsheet&search_type=keyword_unordered | https://www.facebook.com/ads/library/?active_status=active&ad_type=all&country=MX&q=plantilla%20excel%20control%20de%20gastos&search_type=keyword_unordered | https://www.facebook.com/ads/library/?active_status=active&ad_type=all&country=MX&q=finanzas%20personales%20plantilla&search_type=keyword_unordered
L50,Kit 'si me pasa algo' (pasta de emergência da família),Kit / organizador preenchível,"PDF preenchível e planilha com contas, apólices, senhas e contatos, em versões por país.","US, AU; ES sem player",https://www.facebook.com/ads/library/?id=1049421337473285 | https://www.facebook.com/ads/library/?id=1102450912441911 | https://www.facebook.com/ads/library/?id=1719777220150961 | https://www.facebook.com/ads/library/?id=2283720709047224,não verificado,1,"52,8",41,ES 'documentos importantes si fallezco familia' = 0,ES não chegou (outros termos não testados).,Medo e cuidado com a família,"The Estate Kit tem 41 anúncios, com ângulos emocionais fortes.",Risco jurídico. Fora do nicho.,fase1_global,sim (E0),"O organizador 'si me pasa algo' é para a própria família, de uso pessoal e sem ângulo de renda. Há ainda risco jurídico por versões de país, senhas e apólices.",https://www.facebook.com/ads/library/?active_status=active&ad_type=all&country=MX&q=documentos%20importantes%20si%20fallezco%20familia&search_type=keyword_unordered
L51,Planilha de casamento com mapa de mesas digital,Ferramenta / evento,"Orçamento, convidados, cronograma e mapa de mesas por QR. Bump: convite digital.","US, AU, CA, IN; ES: PE",https://www.facebook.com/ads/library/?id=1292553966214596 | https://www.facebook.com/ads/library/?id=1236779481978530 | https://www.facebook.com/ads/library/?id=1058321287010574 | https://www.facebook.com/ads/library/?id=1635624554805448,não verificado,10,"15,1",11,'planificador de boda' ES10 = 11,ES não chegou.,Tempo poupado,"Nos EUA há ~8 páginas. Na ES só Mi Boda en Orden, com 1 anúncio.",Nenhuma. A variante 'sé wedding planner' cai em E2.,fase1_global,sim (E0),"O planejador de casamento é para o próprio casal. O único ângulo de renda ('sé wedding planner') é promessa de ganho (E2), então não é um ângulo duplo honesto.",https://www.facebook.com/ads/library/?active_status=active&ad_type=all&country=MX&q=planificador%20de%20boda&search_type=keyword_unordered
L52,Estrela nomeada / mapa estelar em página interativa,Presente personalizado,"Certificado simbólico e mapa do céu da data, entregues como página animada e PDF.","US, IT; ES sem player",https://www.facebook.com/ads/library/?id=1091840433262853 | https://www.facebook.com/ads/library/?id=1049814401232568 | https://www.facebook.com/ads/library/?id=960233063104551 | https://www.facebook.com/ads/library/?id=1610872800544590,não verificado,2,"6,8",36,'nombre a una estrella' = 101.616 (ruído),ES não verificada.,Emoção,"Star Registration e Astrography somam ~231 anúncios, ambos com produto físico.",Risco de engano se não disser 'simbólico'.,fase1_global,sim (E0),"A estrela nomeada ou mapa estelar é presente B2C de uso próprio (mesmo DNA do Mimo, mas fora do escopo de renda extra). O 'registro de estrela' ainda tem risco de engano se não for dito como simbólico.",https://www.facebook.com/ads/library/?active_status=active&ad_type=all&country=MX&q=nombre%20a%20una%20estrella&search_type=keyword_unordered
L53,Romance personalizado para a parceira ('ela é a protagonista'),Presente de casal,"Novela curta gerada com nomes e memórias do casal, em ebook ou flipbook.",US,https://www.facebook.com/ads/library/?id=2423070578217852 | https://www.facebook.com/ads/library/?id=1101958169032878 | https://www.facebook.com/ads/library/?id=1824630655370309,não verificado,2,"4,6",12,'libro personalizado de nuestra historia' = 21,ES não chegou.,Emoção,É emergente nos EUA: Fiktola tem 12 anúncios e Ember Books 2.,E5 moderada. Risco de conteúdo adulto.,fase1_global,sim (E0),"Presente de uso próprio: quem compra quer dar o romance à parceira, não revender nem prestar serviço, então fica fora do nicho renda extra. Anoto que E3 passaria: gerar a novela por LLM custa cerca de US$0,02–0,15 por pedido.",https://www.facebook.com/ads/library/?active_status=active&ad_type=all&country=MX&q=libro%20personalizado%20de%20nuestra%20historia&search_type=keyword_unordered
L54,Devocional / diário de oração digital,Ebook / journal,Diário de oração de 365 dias ou devocional temático em PDF.,US; ES vários,https://www.facebook.com/ads/library/?id=1792545215214078 | https://www.facebook.com/ads/library/?id=28000670769632875 | https://www.facebook.com/ads/library/?id=1150490140976805,não verificado,6,não verificado,13,'diario de oración' = 903 (ruído),ES chegando.,Fé,El Club de Los E-books tem 8 anúncios ('Oraciones que el cielo responde'). Faz parte do cluster cristão com L57 e L58.,Fora do DNA. Risco de promessa espiritual.,fase1_global,sim (E0),"Devocional/diário de oração é para uso pessoal e espiritual do próprio comprador. Não há ângulo de produzir, revender ou prestar serviço.",https://www.facebook.com/ads/library/?active_status=active&ad_type=all&country=MX&q=diario%20de%20oraci%C3%B3n&search_type=keyword_unordered
L56,"Templates para presentes personalizados físicos (quadros de casal, ímãs, canecas com nome)",Templates para presentes,Templates Canva para criar quadros e ímãs por data e destinatário e vender localmente.,"CO, MX (não verificado)",https://pay.hotmart.com/M104164269T | https://pay.hotmart.com/N103896032H | https://pay.hotmart.com/B101865987D,"US$3,90 (Pack 30 Plantillas Cuadros en Pareja)",não verificado,não verificado,não verificado,não rodado,não verificado,não verificado,"Há só 2 ou 3 produtos na Hotmart. O DNA é parecido com o do Mimo, no lado físico.",Nenhuma aparente. Demanda não verificada.,fase1_hotmart_es,não,"Sobrevive. O anúncio pode vender só o entregável, mostrando a edição no Canva e os mockups dos quadros e ímãs prontos, sem citar quanto se ganha (E2 ok). O custo físico é do comprador, não do produtor (E3 ok), e o pack de templates fica pronto em menos de 14 dias (E5 ok). Tem ângulo duplo: fazer o do próprio casal ou vender localmente. Atenção a E4: a licença tem de ser de uso comercial para produzir peças, nunca para revender os arquivos.",
L57,Material cristão imprimível para ensinar crianças (Escola Dominical/EBV com 52 lições; jogos e catequese católica),Material cristão imprimível (uso próprio),"PDF com 52 aulas prontas por faixa etária (história, atividade, jogo e folha para colorir) para quem dá aula na escola dominical ou na escola bíblica de férias. Variante católica: jogos bíblicos para imprimir (tabuleiro, cartas, dinâmicas), material para coroinhas e catequese e a missa explicada para crianças. Download imediato.","MX, CO, PE, AR, CL, US (USD na maioria); MX em MXN; Espanha/UE em EUR (Book Digital); anunciantes BRL operando em ES",https://www.facebook.com/ads/library/?id=1065612009682467 | https://www.facebook.com/ads/library/?id=935615315801270 | https://www.facebook.com/ads/library/?id=1408284694545043 | https://www.facebook.com/ads/library/?id=1339648501490124 | https://www.facebook.com/ads/library/?id=2207771433416512 | https://www.facebook.com/ads/library/?id=1605578374250466 | https://www.facebook.com/ads/library/?id=960747670184450 | https://www.facebook.com/ads/library/?id=1807257463776916 | https://www.facebook.com/ads/library/?id=945543148611521 | https://www.facebook.com/ads/library/?id=1716806826064527 | https://www.facebook.com/ads/library/?id=28762321860046276 | https://www.facebook.com/ads/library/?id=28258302757145973,"Escola dominical: US$12,90 no título ('Un año completo por US$ 12.90', Raíces de Fe). Católico: MXN 49 (~US$2,7, 'Material para Monaguillos') e MXN 79 (~US$4,3, 'La Gran Aventura de la Fe'); '+10 juegos por solo $50'. Hotmart não verificado.","5 (escola dominical, 2 deles com produto incerto); 3 (católico)","132,3 (Sonrisas De Fe, católico; proxy); escola dominical 46,0 (Marilú y los Niños)","142 (Crea Fácil, produto incerto); 21 (Sonrisas De Fe)",'escuela dominical' ES11 = 692; 'catequesis material imprimible' = 7; 'juegos imprimibles' = 382 (cluster parcial); 'dinámicas bíblicas' = 190 (cluster parcial),"ES: poucos anunciantes longevos, com operações BR traduzindo a oferta. PT não verificado.","Ferramenta e tempo poupado ('52 domingos resueltos', 'Así preparo mi clase'); no católico, produto com preço no título. Sem promessa de dinheiro.","Escola dominical: Marilú y los Niños tem ~15 anúncios, o mais antigo com 46,0 d. Camila Núñez (operação BR, título em PT 'Converse conosco') tem ~17 anúncios há 38,1 d. Raíces de Fe tem 6 anúncios há 3,7 d ('52 domingos resueltos', '52 lecciones listas para imprimir'). Bendiciones creativas (58 a 60 anúncios, limite 1,9 d, 'RECIBELO GRATIS HOY') e Crea Fácil (142 anúncios) aparecem no termo, mas com produto incerto; Bendiciones creativas também aparece no L33. Católico: Sonrisas De Fe tem 21 anúncios ativos, o mais antigo com 132,3 d. 'Juegos Bíblicos para Niños' está há 64,2 d. Book Digital (EUR) tem 6 anúncios de 'La Misa explicada para niños'. Papel y Fe (BRL) também aparece. Fusão de duas ideias da rodada de lacunas (escola dominical e material católico).","Nenhuma forte. Fora do nicho renda extra (uso próprio de professor ou catequista). E5 leve: 52 aulas de qualidade em 14 dias exigem IA e revisão. No católico, o ticket observado fica abaixo de US$5; chegar a US$5–12 exige pacote maior com bumps.",lacunas,sim (E0),"Material de escola dominical e catequese é recurso de uso próprio de professor ou catequista, que muitas vezes é voluntário, sem ângulo de renda. O anúncio vende tempo poupado, não produção para venda.",https://www.facebook.com/ads/library/?active_status=active&ad_type=all&country=MX&q=escuela%20dominical&search_type=keyword_unordered | https://www.facebook.com/ads/library/?active_status=active&ad_type=all&country=MX&q=catequesis%20material%20imprimible&search_type=keyword_unordered | https://www.facebook.com/ads/library/?active_status=active&ad_type=all&country=MX&q=juegos%20imprimibles&search_type=keyword_unordered
L58,"Pack de dinâmicas prontas para ministérios e grupos (mulheres, jovens, células, encontros)",Material cristão / kit para líderes de grupo,"De 230 a 280 dinâmicas prontas, uma por página, para quem conduz encontros de grupo (ministério feminino, jovens, células). PDF imediato.",ES em USD e BRL (países não identificados individualmente),https://www.facebook.com/ads/library/?id=1448393503806981 | https://www.facebook.com/ads/library/?id=1428392392568137 | https://www.facebook.com/ads/library/?id=1105096708599235 | https://www.facebook.com/ads/library/?id=1501986058430305 | https://www.facebook.com/ads/library/?id=1619929066543936 | https://www.facebook.com/ads/library/?id=1087553573757931,não visto,5,"12,3 (KitListo)",20,'dinámicas bíblicas' = 190,"ES: entrada recente, com arbitragem BR→ES. PT não verificado.",Ferramenta pronta ('230 dinámicas listas') e facilidade para o líder.,"Carmen Rodríguez (BRL) tem 3 anúncios há 0,2 d ('280 dinámicas bíblicas para el Ministerio Femenino'). Leticia Mariane (BRL) tem 2 ('230 dinámicas listas, una por página'). Momento con Cristo (USD) tem 20 anúncios num lote de 0,4 d. Luz de la Palabra (BRL) tem 5 há 1,1 d ('Recibe tu material primero, paga después'). KitListo (USD) tem 10 há 12,3 d ('Dinámicas para abrir la conversación', 'Renová las propuestas de tu grupo'; alega '+1.200 compras', não verificado). Vários anunciantes BRL sugerem uma oferta que já roda no Brasil e está sendo traduzida.","E3 se copiar o modelo 'paga depois', que exige cobrança humana por WhatsApp. Fora isso, nenhuma.",lacunas,sim (E0),"As dinâmicas servem ao próprio líder de ministério ou célula para conduzir o grupo. É uso próprio, sem produção ou revenda para ganhar dinheiro.",https://www.facebook.com/ads/library/?active_status=active&ad_type=all&country=MX&q=din%C3%A1micas%20b%C3%ADblicas&search_type=keyword_unordered
L59,"Kit de atividades imprimíveis para crianças (motricidade, leitura, pré-escola, emoções)",Imprimível infantil (uso próprio dos pais),"PDF com centenas de atividades para imprimir (recorte, traçado, lectoescrita, inglês, emoções) para pais de crianças de 3 a 8 anos.","PE (PEN), MX, CO, CL, BO, AR, US (USD); vários anunciantes BRL",https://www.facebook.com/ads/library/?id=2018364095511500 | https://www.facebook.com/ads/library/?id=1573902850908377 | https://www.facebook.com/ads/library/?id=1735363790907272 | https://www.facebook.com/ads/library/?id=2138688613526775 | https://www.facebook.com/ads/library/?id=1390149302755115 | https://www.facebook.com/ads/library/?id=2093267178061956 | https://www.facebook.com/ads/library/?id=27892510343761988,"US$9,99 ('Inglés divertido para niños', Emily Carter/BRL); ~US$4,3 ('Todo por solo 30 Bolivianos', Mega Kits Digitales). Hotmart não verificado.",20 ou mais (distintos nos três termos buscados),"50,0 (Mundo Mini Creativo)",14,'actividades imprimibles para niños' = 594; 'juegos imprimibles' = 382; 'caligrafía para niños' = 486,"ES: saturada, com arbitragem BR→ES.","Resultado para o filho ('10 minutos por día, sin pantallas', 'motricidad fina').","Mundo Mini Creativo (PEN) tem 7 anúncios, o mais antigo com 50,0 d ('345 actividades listas para imprimir'). Maestro PDF (USD) tem 14 há 9,2 d ('+ 872 copias vendidas', alegação). Aprendo a Leer en Casa (USD) tem 7 há 10,7 d. Também aparecem LittlePrint Kids, Pequeños pasos grandes habilidades, La escuela puede esperar, Educa Mentes, Grupo Educare, Mary Cakes (BRL) e Su Profe Alice (BRL).","Nenhuma eliminatória. Fora do nicho renda extra; o mercado parece saturado, com muitos anunciantes e arbitragem BR→ES.",lacunas,sim (E0),"O kit é comprado por pais para os próprios filhos, e o anúncio observado vende resultado para a criança ('10 minutos por día, sin pantallas'). É uso próprio, fora do nicho renda extra.",https://www.facebook.com/ads/library/?active_status=active&ad_type=all&country=MX&q=actividades%20imprimibles%20para%20ni%C3%B1os&search_type=keyword_unordered | https://www.facebook.com/ads/library/?active_status=active&ad_type=all&country=MX&q=juegos%20imprimibles&search_type=keyword_unordered | https://www.facebook.com/ads/library/?active_status=active&ad_type=all&country=MX&q=caligraf%C3%ADa%20para%20ni%C3%B1os&search_type=keyword_unordered
L60,Casos de mistério / jogo de detetive imprimível para crianças (5 a 12 anos),Jogo imprimível infantil,"20 casos de mistério em PDF, com 10 casos bônus e mais de 150 desafios, para a criança resolver como detetive. Download imediato.",ES em USD (países não identificados),https://www.facebook.com/ads/library/?id=3508835569320914 | https://www.facebook.com/ads/library/?id=2411230622951489 | https://www.facebook.com/ads/library/?id=1602178087950250,não visto,1,"6,3 (limite inferior, por causa da rotação diária)",53,dentro de 'juegos imprimibles' = 382; 'juego de misterio para fiestas' = 7,ES: um único anunciante visível. PT não verificado.,Produto e alternativa à tela para os pais.,"Mentes Magicas tem 53 anúncios ativos (50+), todos com o título '20 casos de misterio · 10 + 10 bonus · +150 desafíos - 5 a 12 años'. É um único anunciante com volume alto de variações; a demanda pode ser de um único funil. A versão adulta ('juego de misterio para fiestas', 7 resultados) não mostrou demanda em ES, em linha com o L14 (jogos de festa sem kits digitais na ES).",E5 leve: 20 casos coerentes em 14 dias pedem IA e revisão. Nenhuma eliminatória forte.,lacunas,sim (E0),"Os casos de mistério são comprados por pais para os próprios filhos como alternativa à tela. É uso próprio, sem ângulo de revenda nos anúncios observados.",https://www.facebook.com/ads/library/?active_status=active&ad_type=all&country=MX&q=juegos%20imprimibles&search_type=keyword_unordered | https://www.facebook.com/ads/library/?active_status=active&ad_type=all&country=MX&q=juego%20de%20misterio%20para%20fiestas&search_type=keyword_unordered
L61,Material didático pronto para professores (planejamentos e fichas por série e matéria),Kit B2B para docentes,"Planejamentos, fichas e sessões de aula prontas por matéria e série (Química, Biologia, Educação Física, leitura), em PDF e Word editáveis.","PE (PEN), CL (CLP), MX (MXN), GT (Q), US/multi (USD)",https://www.facebook.com/ads/library/?id=1376943264066797 | https://www.facebook.com/ads/library/?id=1964792297442837 | https://www.facebook.com/ads/library/?id=2623986861404642 | https://www.facebook.com/ads/library/?id=1410178377961810 | https://www.facebook.com/ads/library/?id=920172467491245 | https://www.facebook.com/ads/library/?id=1033669472840767,"Q35 (~US$4,5, 'Clases de Biología más dinámicas', Aventuras Didácticas); 'Aula Digital Pro 70% DE DESCUENTO' (CLP, valor não visto). Hotmart não verificado.",10 ou mais,"18,3 (Mentes Activas)",18,'fichas didácticas' ES = 122,"ES: 10 ou mais anunciantes, fragmentados por país e currículo. PT não verificado.","Ferramenta e tempo poupado ('Planifica Fácil y Rápido', '¡Ahorra horas preparando tus clases!').","Numa busca combinada de 4 páginas (82 anúncios): Docentes Proactivos tem ~18 anúncios há 14,5 d; Mentes Activas tem 15 ou mais há 18,3 d; Mat Store tem 11 ou mais há 8,3 d; Aventuras Didácticas tem 10 ou mais há 0,3 d ('Impulso Lector 2026', CLP). Também aparecem Profe Listo, Material Digital 2026, Banco Educativo, Perú EduEbooks e Mi apoyo maestro PERU.",E5: o currículo muda por país. Fora do nicho renda extra.,lacunas,sim (E0),Planejamentos e fichas de aula são ferramenta profissional de uso próprio do docente para poupar tempo. Não servem para produzir e vender (recurso para o próprio trabalho).,https://www.facebook.com/ads/library/?active_status=active&ad_type=all&country=MX&q=fichas%20did%C3%A1cticas&search_type=keyword_unordered
L62,"Kit de recursos clínicos prontos para psicólogos e terapeutas (sessões, TCC, luto, casal, infantojuvenil)",Kit B2B para profissionais de saúde mental,"Biblioteca de sessões prontas, fichas, dinâmicas e manuais (TCC, luto, terapia de casal, infantojuvenil) para o profissional usar em consulta. PDF imediato.","CO (COP), AR (ARS), MX, US/multi (USD); vários anunciantes BRL",https://www.facebook.com/ads/library/?id=1854360698925248 | https://www.facebook.com/ads/library/?id=1416499280448246 | https://www.facebook.com/ads/library/?id=1421725576175719 | https://www.facebook.com/ads/library/?id=1220387237834319 | https://www.facebook.com/ads/library/?id=2308110220024015 | https://www.facebook.com/ads/library/?id=1540615841445336 | https://www.facebook.com/ads/library/?id=1639534567689869,"US$5 ('¡Todo por solo 5 dólares!', Paola García/BRL). Outros preços não vistos.",12 ou mais,"4,6",6,'recursos terapéuticos para psicólogos' ES = 114; 'plantillas para psicólogos' = 43 (ver L34),"ES: entrada recente, com arbitragem BR→ES.","Ferramenta pronta ('Sesión Lista!', 'Quiero mejorar mis sesiones').","Psicología Sincera tem 3 anúncios há 4,6 d ('100 SESIONES TERAPÉUTICAS LISTAS'). Biblioteca Clínica Infantojuvenil (BRL) tem 6 há 4,6 d. Kit de Herramientas Terapéuticas (BRL) tem 3 há 4,1 d. Nebulosa Creativa tem 6 ('Todo en un Solo Manual de TCC'). Campo Psi Recursos (ARS) tem 4 há 1,1 d. Também aparecem Psicología & Recursos ('KIT DE TERAPIA DE PAREJA', COP), Kit Duelo (BRL) e Digital Books & Ideas ('+300 compras', alegação). Os anúncios são jovens (menos de 5 d), mas há muitos anunciantes, vários em BRL, o que sugere arbitragem BR→ES. Confirma o que o L34 viu: na ES, o que se vende a psicólogos são ferramentas clínicas, não posts.",Risco de política de saúde na Meta. E5 (o conteúdo técnico precisa de revisão por profissional). Fora do nicho renda extra.,lacunas,sim (E0),"É recurso clínico para a própria consulta do psicólogo, caso citado explicitamente como fora do escopo. Também traria risco de política de saúde e exigiria revisão profissional (E5).",https://www.facebook.com/ads/library/?active_status=active&ad_type=all&country=MX&q=recursos%20terap%C3%A9uticos%20para%20psic%C3%B3logos&search_type=keyword_unordered | https://www.facebook.com/ads/library/?active_status=active&ad_type=all&country=MX&q=plantillas%20para%20psic%C3%B3logos&search_type=keyword_unordered
L63,"Pack de formatos e contratos editáveis para PMEs (RH, trabalhista, jurídico)",Kit B2B de documentos editáveis,"Mais de 300 modelos de Word e Excel prontos (contratos, formatos trabalhistas, RH, compêndio legal) para pequenos negócios preencherem.","MX (MXN), CO (COP), PE (PEN)",https://www.facebook.com/ads/library/?id=930229583043672 | https://www.facebook.com/ads/library/?id=1753818052575280 | https://www.facebook.com/ads/library/?id=1813594039635422 | https://www.facebook.com/ads/library/?id=2089582198435883 | https://www.facebook.com/ads/library/?id=1927845371477239 | https://www.facebook.com/ads/library/?id=694206793755159,"MXN 299 (~US$16, 'Más de 300 formatos por $299 MXN', Documentum); MXN 99 ('+11,000 Formatos editables + Cursos en video + Libros pdf', Media Center México)",6 ou mais,"309,9 (Línea de Aprendizaje, produto não identificado); Documentum 1,1",5,'formatos editables contratos' ES = 42,não verificado,Ferramenta com preço baixo no título.,"Documentum tem 3 anúncios há 1,1 d. Trinchera RH anuncia 'RH Sin miedo + 37 Recursos'. Há anúncios muito longevos ainda ativos, mas com produto não identificado: Recursos digitales com 103,1 d, Línea de Aprendizaje com 309,9 d e Digital Education ('Super Compendio Legal') com 308,7 d.","E4 (a oferta da Media Center, '+11.000 formatos + cursos', tem cara de PLR). Risco jurídico (modelos desatualizados por país). Fora do nicho renda extra.",lacunas,sim (E0),"Os formatos e contratos são para uso interno da própria PME, não para ela produzir e vender. Também há suspeita de E4: a variante '+11.000 formatos + cursos' tem cara de PLR.",https://www.facebook.com/ads/library/?active_status=active&ad_type=all&country=MX&q=formatos%20editables%20contratos&search_type=keyword_unordered
L64,Kit ou ferramenta para criar e vender ebooks e livros de colorir com IA,Ferramenta/curso para renda extra (sinalizar E1/E2),"Prompts, templates e passo a passo para gerar ebooks ou livros de colorir com IA e vendê-los. O que se vê no mercado é majoritariamente curso de uma criadora.",ES em USD; EUR (Consciencia Emprendedora),https://www.facebook.com/ads/library/?id=1602948634557244 | https://www.facebook.com/ads/library/?id=1939300746736674 | https://www.facebook.com/ads/library/?id=1397240345233117 | https://www.facebook.com/ads/library/?id=2116889805601436,não visto,3,"102,1 (Paula Fukuda Content Creator)",118 (duas páginas da mesma criadora),'libros para colorear para vender' ES = 46,não verificado,"Promessa de criar e vender (ganho), não a ferramenta.","Paula Fukuda Content Creator anuncia 'Crea tu ebook hoy' há 102,1 d. A página Paula Fukuda roda o mesmo título há 28,7 d, com outros títulos de curso para criadores. As duas páginas somam 118 anúncios. Consciencia Emprendedora tem 1 anúncio ('Accede al ebook creator pro', EUR). Dayanne Personalizados (BRL) tem mais de 20 anúncios sem título, com produto não identificado.","E1 (curso de uma criadora, depende de gente real). E2 (a promessa de ganho é o motivo da compra).",lacunas,sim (E1),"O que o mercado mostra é curso de uma criadora (Paula Fukuda, 118 anúncios), apoiado na autoridade dela. O ângulo observado vende 'crear y vender', ou seja, o ganho e não a ferramenta, então também cai em E2. Um pack de prompts sozinho ainda tende a ser barrado na Hotmart como produto de baixo valor/PLR.",https://www.facebook.com/ads/library/?active_status=active&ad_type=all&country=MX&q=libros%20para%20colorear%20para%20vender&search_type=keyword_unordered
L65,(Registro E1) Curso de criar músicas com IA para vender,Curso (sinalizar E1),Curso que ensina a produzir canções com IA para vender como presente. Entra como registro de eliminatória; o produto B2C correspondente é o L38.,ES (USD),https://www.facebook.com/ads/library/?id=929866986846204,não visto,1,"cerca de 4,5",45,"não refeito ('canción personalizada' = 4.003–4.235, ver L38)",ver L38,Promessa de ganho com uma habilidade nova.,"Music Creator Pro tem cerca de 45 anúncios ou mais, o mais antigo com cerca de 4,5 d ('Crea música con IA desde cero'). Dados reaproveitados de fase1_meta_servicos, não remedidos nesta rodada.",E1 (curso com expert). E2 (promete ganho).,lacunas (dados de fase1_meta_servicos),sim (E1),"É curso com expert ('Crea música con IA desde cero'): depende de gente real, e o núcleo é aula, não ferramenta. O anúncio vende promessa de ganho com uma habilidade nova, então também cai em E2. O produto B2C correspondente já está registrado no L38.",https://www.facebook.com/ads/library/?active_status=active&ad_type=all&country=MX&q=canci%C3%B3n%20personalizada&search_type=keyword_unordered
L66,Gerador web de video-invitación (MP4 personalizado) com licença para vender convites em vídeo,Ferramenta de revenda (vídeo personalizado),"Editor web: a pessoa escolhe um modelo animado (XV, boda, infantil, baby shower), digita nomes, data, fotos e baixa o MP4 na hora (render Remotion). Usa para o próprio evento ou vende convites em vídeo a clientes.","MX, PE, CO; BR como espelho",https://www.facebook.com/ads/library/?id=28668551599495122 | https://www.facebook.com/ads/library/?id=1950759622550013 | https://www.facebook.com/ads/library/?id=1412094170985815 | https://www.facebook.com/ads/library/?id=1084722294422694 | https://hotmart.com/es/marketplace/productos/pack-de-190-video-invitaciones-digitales-para-cumpleanos/N84722082H | https://hotmart.com/es/marketplace/productos/negocio-de-invitaciones-infantiles-de-principiante-a-experto/I86554392L,"Someri MXN 99–119,20; vídeo ao consumidor $350 MXN (~US$19); packs Hotmart não verificados",5,"38,3 (BR, 'CONVITES CINEMATOGRÁFICOS'); ES 21,4 (Web Online)",,,,Demo do vídeo sendo gerado; ângulo duplo (própria festa / vender).,"Há 2 packs na Hotmart. Anunciantes B2C: Den y Lastra, InviVideo CUU, Angie, Video invitaciones Reina. No BR, a Convitia vende 'convites cinematográficos'.","E3 leve: custo de render ~US$0,01–0,05/vídeo (estimativa do juiz), exige cota por licença.",reformulação de L05,não (reformulação da Fase 2),Reformulação criada na Fase 2 (sugestão do juiz das eliminatórias): versão FERRAMENTA de ideia(s) observada(s) no mercado. Herda a evidência do(s) pai(s); a demanda da versão ferramenta em si NÃO foi medida.,
L67,"Gerador de kit de festa personalizado (nome, idade e tema aplicados em convite, topo de bolo, etiquetas → PDF)",Ferramenta (papelaria de festa personalizada),"Editor web: escolhe o tema, digita nome e idade da criança e recebe o kit inteiro (convite, topo, etiquetas, bandeirinhas) em PDF pronto para imprimir. Ângulo duplo: a mãe faz a própria festa ou monta kits para vender.","MX, CO, AR, CL, PE, EC, US; muitos operadores BRL",https://www.facebook.com/ads/library/?id=1322083110140484 | https://www.facebook.com/ads/library/?id=2072230433424563 | https://www.facebook.com/ads/library/?id=1043999145023859 | https://www.facebook.com/ads/library/?id=1579502953724620 | https://www.facebook.com/ads/library/?id=2155772475373199,"US$3,7–17 (CLP 3.500; Hotmart US$5–10; 'Kits para fiestas editables' US$17; MXN 89) | topos: BR R$1,49 (20 mil topos, front-end); R$3,99 (Kit Festa na Mesa)",12 (kit festa) + 4 (topos),"81,2 (DecoKit Shop; 90,2 em outra medição); cienacres.imprimibles tem 468 (ver L10)",,,,"Demo: nome digitado aparece em todas as peças; ""festa pronta em 5 minutos"".","DecoKit Shop tem 160 anúncios ativos e ~12 ângulos ('Crea toda la fiesta en Canva'). No BR, Festa 550 tem 17 há 35,7 d. Fiesta en Casa (BRL) usa 'Crea tu fiesta sin ser decoradora'. | Na ES, o digital se resume a Emilia Creativa (2 anúncios há 11,5 d) e Activa Academy. A maior parte dos anúncios de topper é de confeitaria física.",PI: temas não podem usar personagens licenciados.,reformulação de L09 + L12,não (reformulação da Fase 2),Reformulação criada na Fase 2 (sugestão do juiz das eliminatórias): versão FERRAMENTA de ideia(s) observada(s) no mercado. Herda a evidência do(s) pai(s); a demanda da versão ferramenta em si NÃO foi medida.,
L68,"Editor de artes para presentes personalizados (quadro/ímã/caneca de casal, mapa estelar, datas) + calculadora de preço",Ferramenta para quem vende personalizados físicos,"Editor web no DNA do Mimo: nomes, data, foto, mapa das estrelas → arte em alta resolução pronta para imprimir/sublimar, com licença comercial e calculadora de custo e preço para vender localmente.",não verificado,https://pay.hotmart.com/M104164269T | https://pay.hotmart.com/N103896032H | https://pay.hotmart.com/B101865987D | https://www.facebook.com/ads/library/?id=1091840433262853 | https://www.facebook.com/ads/library/?id=1049814401232568,"US$3,90 (Pack 30 Plantillas Cuadros en Pareja)","não verificado (templates) / 2 (mapa estelar, físico)","6,8",,,,Demo da arte sendo gerada e do produto físico final.,"Há só 2 ou 3 produtos na Hotmart. O DNA é parecido com o do Mimo, no lado físico. | Star Registration e Astrography somam ~231 anúncios, ambos com produto físico.",Nenhuma forte; demanda ES não verificada.,reformulação de L56 + L52,não (reformulação da Fase 2),Reformulação criada na Fase 2 (sugestão do juiz das eliminatórias): versão FERRAMENTA de ideia(s) observada(s) no mercado. Herda a evidência do(s) pai(s); a demanda da versão ferramenta em si NÃO foi medida.,
L69,Editor de cardápio digital com QR e pedido por WhatsApp para quem vende comida em casa,Ferramenta para micronegócio de comida caseira,"A pessoa que vende comida/sobremesa em casa monta o próprio cardápio digital (fotos, preços, combos), recebe link + QR e pedidos formatados no WhatsApp. Bumps: artes de promoção, calculadora de custo.","MX, AR, CO, PE",https://www.facebook.com/ads/library/?id=2161817697787903 | https://www.facebook.com/ads/library/?id=1834916980858375 | https://www.facebook.com/ads/library/?id=1467921485204409 | https://hotmart.com/es/marketplace/productos/menu-app-qr-para-restaurantes/D64832885T | https://hotmart.com/es/marketplace/productos/carta-virtual/V68221977S | https://www.facebook.com/ads/library/?id=1418570293571960 | https://www.facebook.com/ads/library/?id=2132493034287794,"US$6,99 (LX Diseño Web); MXN 1.500 pagamento único","12 (majoritariamente SaaS ou agências) (menu QR, maioria SaaS) ; persona: 20 (sobremesas); sazonal: não verificado (3 páginas citadas) anunciantes de receitas para vender",não verificado,,,,Demo do cardápio no celular e do pedido chegando no WhatsApp.,"Os anunciantes são quase todos SaaS B2B. A Hotmart tem pelo menos 3 kits. | persona (L27): Chef Eli tem 32 anúncios, em teste de criativos. É a concorrência mais densa desta fase. O modelo 'Primero recibes y luego pagas' é dominante. No sazonal, o sinal é fraco: 'El Sabor de la Nochebuena' teve 4 anúncios em dez/2025; Academia Dulce Emprende e Chef Camila (conservas) anunciam hoje. Fundid",Concorre com SaaS grátis/baratos; demanda da versão low ticket não verificada.,reformulação de L36 (+ persona L27),não (reformulação da Fase 2),Reformulação criada na Fase 2 (sugestão do juiz das eliminatórias): versão FERRAMENTA de ideia(s) observada(s) no mercado. Herda a evidência do(s) pai(s); a demanda da versão ferramenta em si NÃO foi medida.,
